vin,price
5N1AT2MV8HC824461,15000
1GNSKCKC2HR160472,15000
5NPD84LFXJH361029,15000
5XXGT4L34KG284916,15000
2G1WF52E819291457,15000
1J4AA2D16AL194169,15000
KM8K5CA55LU544542,15000
1FMCU9G64LUB92886,15000
KM8J3CAL2LU266330,15000
5NPEB4AC2DH592168,15000
1C4RJFBG8LC445185,15000
3GYFNCE30DS653971,15000
1C4PJMMXXMD101880,15000
5XXGT4L37KG276468,15000
5TETX22N38Z527037,15000
2T1BURHE1FC314983,15000
1G6AH5SX9H0145007,15000
JM3TCBCY5L0418437,15000
1C4RJFBG2HC728298,15000
KM8J3CAL4LU230414,15000
2T2HA31U15C048103,15000
3FA6P0HDXLR256086,15000
5J6YH28389L004972,15000
1FTEX1EP1HFA18142,15000
WBA8D9C33HA011353,15000
2C4RC1CG1CR171024,15000
KNDJ33AU8M7126487,15000
5XYP5DHC6MG097419,15000
1C6SRFLT5LN417457,15000
3GNAXLEX5LS605305,15000
1C4RJFBG2LC441116,15000
YV4A22PK9L1609763,15000
WDCGG8JB0EG321361,15000
JF1VA1A65F9833668,15000
2C4RC1BGXHR744754,15000
2GNALDEK0D1145781,15000
KM8K5CA55LU501027,15000
2C8GT54L24R578568,15000
3MZBN1V33JM168844,15000
5NPD84LF1HH012884,15000
2G1WC5EM3B1204169,15000
3KPF24ADXLE231027,15000
MAJ3S2GE7LC349766,15000
YV140MTL3H2427813,15000
2T1BURHEXHC802025,15000
JM3KFBDM7K0528595,15000
KNDPMCAC2M7863540,15000
5NPEH4J28LH018985,15000
WA1VAAF72HD029625,15000
3GKALTEV3LL259370,15000
KM8J3CAL0LU269551,15000
WBS3R9C53HK709836,15000
WDDZF4KBXHA149023,15000
JF2GPACC4E9302837,15000
JM3KFBDM3L0839698,15000
3LN6L5F97LR618565,15000
WDDTG5CB2FJ119776,15000
JM1DKFC78K0452367,15000
3FA6P0K9XHR159840,15000
WBAJA7C30HG903992,15000
1C4BJWEG8CL179339,15000
5NPD84LF5LH506934,15000
5NPEF4JA1LH059374,15000
KNDMB5C12M6663196,15000
2C3CDZAG8GH279578,15000
1C4RJFAGXHC940027,15000
4A3AK24F56E003719,15000
JA4AT4AA5JZ043234,15000
5NMS3CAD9LH232541,15000
5NPEC4AC7DH799877,15000
3FA6P0HD5LR132291,15000
SALYU2EE8LA272360,15000
WP1AB2A25HLA50279,15000
KM8K3CA57LU519891,15000
5NPEH4J29LH008305,15000
MAJ6S3GL6LC345290,15000
KNDPMCAC1H7200546,15000
1J8HR58236C327696,15000
1G1ZB5ST0LF148696,15000
KMHGN4JE6HU171532,15000
5NPD74LF0LH615918,15000
1C6SRFJT5LN308225,15000
5NPEU46F16H033954,15000
2T1BR32E44C258459,15000
1C4RJFLG6LC413737,15000
KM8J3CA4XHU556945,15000
JH4CU2F47DC001706,15000
2T1KU4EE9AC249400,15000
WBA6H7C37HGA05247,15000
5NMS3CAD8LH235365,15000
1N4BL4EW1KC128453,15000
1GC1K0EG2JF134544,15000
1GNSKBKCXLR111152,15000
KMHC85LJXLU061114,15000
2MEFM74W81X691396,15000
JTEBU11F570029117,15000
KNDPRCA66J7374694,15000
5NPEF4JA9LH047635,15000
1J4GW48S21C508989,15000
KM8J3CAL1LU269056,15000
JM3KFBDL8H0188860,15000
SALWR2RY2LA745490,15000
WBY2Z2C59FV391693,15000
1C4RJFBG1JC165086,15000
KNDPRCA61M7850354,15000
1GNEVJKW5JJ113864,15000
WBA4E3C5XHG187131,15000
3LN6L5B98LR619312,15000
2T1BURHE4HC909460,15000
1C4RJFBG4HC867431,15000
1C4NJDEB7HD139874,15000
ZHWUC2ZF7JLA09526,15000
2G1105S38H9188754,15000
YV140MTL9H2437925,15000
1HGCM72716A020153,15000
3FA6P0HD7LR252206,15000
YV4102RL8M1682202,15000
3C4FY58B42T376471,15000
JM3KFBBM5L0833761,15000
1FM5K8GT3HGC15675,15000
KNDJ23AU2L7110769,15000
WA1LFAFP8CA067704,15000
2GNAXKEV3L6264946,15000
3GNAXSEV1JS586810,15000
JTHCZ1BL0HA005798,15000
3FA6P0G79LR110497,15000
1C4NJRBB4DD129444,15000
5NPEF4JAXLH043660,15000
JM3KFBDM0L0822163,15000
1C4HJXEG7LW348586,15000
2C3CDZAG6HH502718,15000
2T3LWRFV4LW071706,15000
1GNSKJKC0FR275461,15000
KM8J3CAL3LU261539,15000
KMHD74LF9HU423017,15000
WAUFFAFC6HN100339,15000
4JGDA5HB7HA816383,15000
3LN6L5F92LR614570,15000
1N4BL4EV5KC182975,15000
5FNRL38798B074094,15000
3MZBN1L35JM268978,15000
WDCTG4GB1JJ382424,15000
WP1AF2A53JLB71073,15000
3LN6L5F92LR612561,15000
JM3KFBCM7L0823537,15000
1C4RJFBG0LC447710,15000
WA1VAAF75HD013841,15000
WAUW2AFC3HN026955,15000
WBA8B7C53GK368522,15000
4JGDF6EE3HA797868,15000
5LMCJ1D94LUL24146,15000
3LN6L5B94LR612499,15000
5XXG14J22MG003974,15000
5YMKT6C38H0U39474,15000
4A3AB56F99E034247,15000
WDDZF4KB4JA329314,15000
KM8K5CA56LU489020,15000
3GNAXSEV6LS700982,15000
5LMJJ2JT6FEJ00713,15000
1GNSKHKCXKR277477,15000
KM8K33AG7KU040354,15000
1C6HJTAG2LL171629,15000
5NPEH4J2XLH047694,15000
1C4RJFBG1HC873879,15000
WBS3R9C55HK709921,15000
5XYKT3A10BG111248,15000
JN1CA31D81T612107,15000
MAJ6S3JL4LC337312,15000
5LMYJ8XY5LGL19151,15000
JN1BJ1CR4HW103617,15000
5XYZTDLB3GG311364,15000
2C4RC1BG4JR124021,15000
WDDZF4JB9HA073196,15000
5NPEH4J23LH018456,15000
1G1ZH5SX9HF153355,15000
JM3KFBDM3L0841080,15000
1G6AX5SX9H0174221,15000
1LN6L9HK5K5600624,15000
3FA6P0HD5LR226848,15000
2C4RC1BG8LR225050,15000
KNADN4A38G6680771,15000
3MZBPAEMXKM109763,15000
3C4NJDCB3KT785353,15000
WBA8E1G5XGNU10519,15000
3C4NJDCBXJT222962,15000
5NPEF4JA4LH015949,15000
1G11C5SA3GF161795,15000
1FAHP3M21CL363282,15000
JHLRE4H75BC001067,15000
1GNSKBKC3KR162300,15000
KM8J3CA44HU539171,15000
WDDYJ7HA8HA012401,15000
JM3KFBDL7H0154361,15000
KM8J3CA40JU683242,15000
2C3CDXGJ9LH164795,15000
JM3KFABM0K1521253,15000
1C4PJMDX7JD562529,15000
5NMS3CAA4LH206807,15000
2GNAXHEVXJ6349914,15000
KMHWF35H65A104109,15000
1N4BL4FW5KC136506,15000
5UXKR0C58H0V50577,15000
2GNALCEK7H1608628,15000
2GNALPEK4C6133488,15000
JTJBZMCA8K2041023,15000
JF1VA2R68K9814441,15000
1C4BJWFGXGL217500,15000
JTMBD33V276026810,15000
1GCVKREC2HZ245767,15000
WAUGFAFR3CA013765,15000
5XYZWDLA6HG441770,15000
SALVP2BGXHH181671,15000
2T2HK31U29C119618,15000
YV4102PK6L1576369,15000
JM1DKFB77H0159988,15000
5FNRL5H61BB033047,15000
2GNAXVEX1L6193474,15000
1C4AJWAG6DL574428,15000
KNDP6CAC6L7823468,15000
1C3CCBBG6DN528083,15000
1J4GW48S34C246887,15000
1GCGTDE32G1363503,15000
1GNERFKW4JJ174611,15000
KNDMB5C14F6074394,15000
KM8K2CAA0MU617162,15000
3LN6L5F99LR619474,15000
1GCUYEED2KZ244332,15000
5XYP3DHC4MG105684,15000
1GNERFKW2LJ272443,15000
1C4RJFDJ0EC252752,15000
JTHKD5BH1D2155470,15000
1G1PC5SB3E7167753,15000
JM3KE4CE5D0139031,15000
3GNAXKEV5LL308585,15000
KMHDH4AE6EU112857,15000
LVYA22ML8LP169704,15000
3GNAXSEV7LS717337,15000
KL79MPSL0MB033857,15000
YV4A22RLXL1565505,15000
2LMPJ8KP9LBL19145,15000
1G1BF5SM0H7110191,15000
KM8J33A43LU184115,15000
5LMCJ2D90LUL19340,15000
4JGDF7CE4EA418784,15000
KM8K5CA57LU494985,15000
WBA4E5C59HG189075,15000
1J4GR48K35C576893,15000
KMHRB8A33LU031633,15000
JTDKAMFU0M3128458,15000
2C4RC1BG6LR196020,15000
WBA5A7C51GG148658,15000
4JGFB4KE0LA031649,15000
3N1AB7AP0HY274841,15000
KMHD74LF1HU337703,15000
SAJKX6049XC863013,15000
2G1WA5E32G1189409,15000
2HNYD28248H548741,15000
1HGCR2F5XEA294642,15000
4T1BE46K67U121284,15000
KNDPMCAC4M7862115,15000
1C4BJWDG6FL607754,15000
3C6TRVBGXLE109272,15000
WAUAJGFF8F1035553,15000
5FNRL5H36GB056854,15000
1FM5K7B80HGD11440,15000
KNAE15LAXL6079504,15000
4S3BNAN6XJ3018650,15000
KM8K3CA51LU469330,15000
KNDCC3LC5L5422204,15000
ZACCJBAT8GPC79572,15000
5NPE34AF1HH543279,15000
5UXKR0C50H0V49651,15000
2GCVKPEC6K1108934,15000
1C4RJFJT0EC106339,15000
1GKS2GKC3GR109680,15000
KM8K5CA51LU485022,15000
1FTEX1EP4HFC28248,15000
MAJ6S3JL6LC385197,15000
KNDPNCAC9M7854900,15000
1HGCR2F5XEA053471,15000
KNDP6CAC9L7768434,15000
3FA6P0HDXHR242759,15000
KNDPRCA64M7850221,15000
YV4162UM0M2401874,15000
1J4NF1FB4BD279753,15000
4S3BMBG6XB3226504,15000
1FA6P8CF0J5129371,15000
YV4A22RL5M1689506,15000
3MZBN1V32JM163778,15000
JM3TCBDY5L0421899,15000
5NPEF4JA0LH059124,15000
5NPEF4JA2LH002455,15000
KL7CJNSB3LB055344,15000
JN1AZ36A24T011729,15000
JT6HF10U3X0016821,15000
5TDZK3DC3GS744562,15000
3KPC24A64ME128613,15000
2CNALDEW3A6353174,15000
WBS3U9C51GP969801,15000
3MZBPAEMXKM106569,15000
YV4A22RK4L1515805,15000
SALVD2BG4HH223230,15000
1YVHZ8BH1B5M20702,15000
KL7CJLSB5LB060145,15000
KMHGN4JE7HU191398,15000
1C4RJFBG8JC212159,15000
JTJHY7AX0H4244071,15000
1C4RJFAG5HC889763,15000
KMHTC6ADXHU321679,15000
1C4RJFBG6LC378358,15000
JM3KFBDM8L1820946,15000
1C4RJFBG6HC786561,15000
KM8R5DHE7MU193371,15000
3C6MR5AJXLG230938,15000
1GYKPCRS5LZ217984,15000
1C4HJXEG0LW348588,15000
WAU34AFD3GN011781,15000
SALYK2EX8LA284533,15000
KM8J3CA46HU428122,15000
3FA6P0T99LR263498,15000
1C6SRFRT0LN401058,15000
LYV402TK4JB173535,15000
3VWC57BU7LM078734,15000
JTEBU14R150068063,15000
WDDWK4KB4HF465311,15000
3VWH17AU1HM525343,15000
1C6RR7GT5ES396452,15000
3FA6P0T90LR228073,15000
JTMBK31V086047259,15000
JTHBK1GGXF2181065,15000
YV4102RK7M1695482,15000
5UXJU2C59KLN64788,15000
KM8J3CA42HU281717,15000
1C6RR7KT8ES331652,15000
WDDZF4KB7HA160352,15000
1C4NJDEB5GD546199,15000
5UXKR0C35H0V84538,15000
1GBGSBFE9B8136529,15000
2C4RC1EG6JR235696,15000
3KPF54AD1LE209778,15000
5FNYF6H33GB044802,15000
5UXFG2C59DL782911,15000
SALZP2FX7LH079183,15000
5NPEL4JA1LH054667,15000
KM8J3CAL2LU194755,15000
WBAJE7C3XHG889376,15000
KM8K2CAA7LU478646,15000
KMHL24JJ4LA009753,15000
WDDZF4JB5KA630032,15000
WBAFU9C54CC788016,15000
YV4102RK2J1021526,15000
WDDTG5CB7GJ200838,15000
WBAJE7C51JG891444,15000
1GC1KSEY6KF267233,15000
3LN6L5FC0HR618281,15000
JM3KFBAY7L0847472,15000
2T2BK1BA9AC022046,15000
3LN6L5F91LR620926,15000
1J4BA7H15BL602982,15000
1GCVKREC8GZ417380,15000
2LMPJ8KPXLBL14827,15000
5UXKU6C54J0Z66682,15000
5XXG24J29MG005895,15000
3LN6L5F96LR619528,15000
KM8J3CAL3LU184736,15000
4S3BNBC6XG3029035,15000
YV4102XK8J1212256,15000
WBAJE7C3XHG890155,15000
SALZP2FX8LH067236,15000
JM3KFBBM0L0808833,15000
55SWF4KB5HU191330,15000
KNDPMCAC3H7299399,15000
KNDJ23AU3M7739670,15000
WDDZF4KB8HA070322,15000
3C4NJDCB7HT627798,15000
ML32F4FJ6LHF08970,15000
WDCTG4GB3JJ427718,15000
5NPD84LF4HH023636,15000
3KPF24ADXKE027021,15000
1GNERFKW7LJ240216,15000
1VWBP7A34DC101730,15000
1G1JA6SG6F4185325,15000
3MZBPABL4KM107969,15000
WBS8M9C35H5G86161,15000
2GNAXSEV7L6265680,15000
2HKYF18595H515208,15000
JF1SG66698H700363,15000
JM3KE4CY3F0472888,15000
JA4AR3AU8KU020550,15000
JM1CR29L390330319,15000
1GCVKREHXHZ390146,15000
JA4AR3AU7KU024329,15000
1FAFP24176G102860,15000
WBAVB13596PT07189,15000
55SWF8EB7KU318430,15000
1C4RDJDG8HC758302,15000
YV4102RK9M1681650,15000
1GTG6EEN6J1218521,15000
5UXKU2C32H0X46944,15000
1GNKVGKDXHJ220231,15000
1GCUYDED8KZ174068,15000
KMHC65LC1LU210615,15000
5NPEF4JA8LH056164,15000
2FMPK4J92HBB61453,15000
1C4RJFAG6HC618596,15000
WDDHF8JB1EA835452,15000
JA4AR3AU9KU024400,15000
1FTZR15E81PA94788,15000
2LMDJ8JK6EBL00225,15000
5LMCJ1D90LUL23723,15000
1G6DU5RK1L0118699,15000
3MEHM0JG6AR635470,15000
ZACCJBCB1HPF75247,15000
1FTFW1EF6HKE41787,15000
1HGCP2F38AA115335,15000
1C4RJFBGXHC761338,15000
1GYKNDRS2HZ103315,15000
KM8J3CA42HU438145,15000
WDBUF87X78B333022,15000
5NPEB4AC3DH553721,15000
NM0LS6E23L1453514,15000
1G6DF5E59C0142842,15000
55SWF4KB5JU252942,15000
2FMGK5C82DBD17995,15000
2C3CDXJGXLH147453,15000
3N1AB7APXHY349061,15000
KM8J3CA48LU280676,15000
WBAJB9C55JB035968,15000
2LMPJ8KPXLBL00409,15000
3GNKBKRS0KS573390,15000
5NPD74LF0HH154856,15000
2LMPJ8KP2LBL07709,15000
JN8AZ2NCXH9430106,15000
1FMCU0HD1JUA62618,15000
JM1BPACL0L1174939,15000
1C4RDJDG1HC697021,15000
5UXKR0C59E0K47917,15000
JTHBF30GX30131414,15000
JM1DKFB73L1474127,15000
JM3TCBEYXL0423792,15000
KMHTH6AB0KU011693,15000
5XYPGDA39LG702570,15000
JNKCV51FX5M306023,15000
3GNAXHEV3LS717306,15000
5NPE34AF1GH292147,15000
1GC1KSEY7KF248576,15000
1C6SRFLT9LN221151,15000
1C6SRFFT8KN667740,15000
1J4GL58K12W158611,15000
1HGCM82613A023014,15000
JM3KFBBL8H0103714,15000
2HGFC1E50JH705262,15000
4T1C11BK3LU010206,15000
1HGCM72745A013549,15000
JM3KFBDL9H0183649,15000
JM3KFBCL7H0149596,15000
KNAFX4A89F5376027,15000
2GKFLTE32D6290488,15000
KM8J3CAL5LU187007,15000
KNDMB5C13H6249317,15000
1GNSKCKC9HR353153,15000
WDDUG6EB7JA346736,15000
1GYKPGRS6LZ204541,15000
KM8SMDHF3HU224862,15000
JTMBF35VX95007275,15000
JH4CU2F68CC030812,15000
3FA6P0LU1KR106793,15000
WDDHF8JB4EA864900,15000
JTHFN48Y020001194,15000
KM8J3CAL6LU239180,15000
2C3CDZFJ9GH337816,15000
JTDKARFU4G3521297,15000
2CTALBEW9A6386497,15000
2D4FV47V97H703657,15000
JN1BY1AR9DM600733,15000
1C4RDJDG2JC146103,15000
1GNERGKW5LJ180779,15000
3GNCJKSBXHL271299,15000
1J4GA59168L647544,15000
YV4102RK3M1681658,15000
JM3KFBCM0L0838123,15000
KL7CJNSB8LB061804,15000
3N1CE2CP6FL354302,15000
WBS6J9C37HD934851,15000
1C4PJMDB8HW665915,15000
KNDPNCAC6M7858242,15000
KMHDH4AE2BU100944,15000
MAJ6S3GL1LC356441,15000
YV4102RL5M1682206,15000
WDDJK7DA8DF011105,15000
1C4SDJCT7LC130773,15000
YS3ED49A843011998,15000
5XXGT4L37JG189457,15000
3C4NJDBB9LT203730,15000
KNMAT2MV2GP651614,15000
KNDJ23AU4L7058058,15000
5YFBURHE1KP944688,15000
2C3CDXJG2HH505474,15000
5NPE34AF6HH480552,15000
MAJ6S3JLXLC329540,15000
1FAHP35N68W145210,15000
KNDPMCAC2H7220854,15000
KNDJN2A20H7441812,15000
1GCVKREH4JZ336184,15000
1C4RDJAG1LC353069,15000
KM8K6CAA6JU129270,15000
SALSH234X9A203246,15000
5NPEF4JA1LH005959,15000
WDDUG6EB6JA346548,15000
1GNEVHKW4JJ117798,15000
YV4A221K6M1671941,15000
WDDZF4KB9HA071401,15000
5NPEF4JA7LH037878,15000
WAUDH74F08N040950,15000
5NPDH4AE8GH685115,15000
2C3CDZAG7LH174427,15000
1C4BJWDG7GL305651,15000
5NPE24AF4HH589594,15000
KM8J3CAL8MU302314,15000
3MVDMBBL7LM138773,15000
KM8J3CAL7LU276349,15000
SJKCH5CP9HA035487,15000
55SWF4KB0HU229840,15000
KMHD84LF2JU583792,15000
KM8J3CA45HU527630,15000
3GNAXUEV5LS710902,15000
1FMJK2AT1KEA51155,15000
WDCTG4GB4JJ429025,15000
1G1BE5SM1H7138472,15000
1GYKNBRS9HZ242443,15000
1G1FF1R74J0107657,15000
3LN6L5F91LR622661,15000
JM3KFBDM9L0843741,15000
4JGDF6EE6HA785665,15000
2T3BF4DV7BW083235,15000
1C4RJFAG4DC592168,15000
LYV402TK3JB159870,15000
2FMPK3G99LBA95039,15000
KNDPMCAC1L7794175,15000
YV4A22PK1L1615959,15000
55SWF4JBXHU211833,15000
JM1BM1K70G1341111,15000
WVWAK73C56P025294,15000
3GCUYDED9LG386155,15000
4T1BF1FK8GU207529,15000
5N1AT2MV6HC885064,15000
WA1DKAFP7CA090908,15000
3KPF24AD7LE223791,15000
1GCGTDEN1J1306671,15000
1FTEW1EF9HFC92652,15000
JF1GG616X7H813878,15000
2T3K1RFV5LC081334,15000
KMHDU46D48U283638,15000
5LMJJ2LT6LEL15114,15000
KM8J3CA24HU411012,15000
1C4NJDEB1HD127235,15000
1FBZX2CM3KKA31168,15000
1G6KB5RS0LU107845,15000
5FRYD4H4XGB001124,15000
KNDPRCA62M7850900,15000
1GNSKHKC1KR285337,15000
JTDKARFP2H3044851,15000
5NPEH4J25LH041141,15000
WDDHF5KB3EB006695,15000
3LN6L5F93LR616263,15000
WBA5B3C57FD542347,15000
WAUFFAFC3HN009299,15000
YV4102RK4M1681653,15000
KL7CJPSB5LB066275,15000
5J6RM4H72EL079692,15000
3VWDB7AJ3HM385927,15000
WBS6E9C55HG437351,15000
ZFBHRFAB8L6R93814,15000
1C6RR7MT9HS547141,15000
WDBNG70J1YA076348,15000
1GNERHKW5JJ140463,15000
WBA5B3C55GG259266,15000
KM8J3CAL8LU222817,15000
5NPEJ4J28LH024175,15000
3C6UR5FL9LG226910,15000
3GNAXUEV6LS717440,15000
1GYKPDRS3LZ228200,15000
1C4PJMBB9HW632182,15000
MAJ6S3GL7LC355228,15000
2HGEJ6677TH519073,15000
WA1LHAF75HD055493,15000
5UXWX9C38H0T25005,15000
KMHC65LC0LU200903,15000
2G61M5S3XJ9141102,15000
1GYS4JEF9ER249085,15000
JM1BL1VP5D1800806,15000
KM8SMDHF5HU256843,15000
KNDCC3LG4K5009935,15000
5NPEF4JA6LH056048,15000
2HGFC2F56GH544588,15000
3GNAXKEVXKS620812,15000
1C4RJFAG6JC148690,15000
1GKKNULS8JZ116675,15000
ZAM45KMA8B0055179,15000
2C4RC1BG4HR803653,15000
KM8J3CAL0LU225209,15000
1GKS2GKC3LR262652,15000
WDC0G4KB1GF094747,15000
1FTEW1EP0HFC10316,15000
1C4RJFBG8HC948819,15000
5LMCJ3D90HUL68079,15000
JM3KFBCL6H0173601,15000
1GKS2GKC6KR158736,15000
WUASUAFG5BN002374,15000
5XXGT4L38GG110032,15000
5NPD84LFXLH506721,15000
5NPD84LF3HH064212,15000
LYV402TM1HB153643,15000
19XFB2F58FE292547,15000
JN8AS5MVXAW109859,15000
WP1AA2A20ELA92650,15000
5XYPGDA38HG285370,15000
3C4NJDCB6LT124143,15000
2G1WB58K469437224,15000
KMHGN4JE4GU112994,15000
WDDZF6EB0HA194592,15000
5NPE24AF1KH769607,15000
KL7CJPSB0LB064837,15000
5NMS3CAD1LH251679,15000
2C4RC1GG9CR162209,15000
1VWCP7A31CC066700,15000
1HGCR2F87DA170787,15000
5XXGU4L34JG271739,15000
5NPEF4JA9LH029152,15000
1C6RR7UT3GS303628,15000
KM8J3CA21HU294036,15000
1HGCP26349A069210,15000
1GNSKHKC3KR197504,15000
1GCVKPEC1HZ392537,15000
5NPD84LF5KH405892,15000
JM3KFBDM0L1819998,15000
3KPF24AD1LE224208,15000
1FTEW1E54KKF20966,15000
5LMJJ3JT5KEL05858,15000
1C4RJFCG8HC949323,15000
KL7CJLSB1JB655622,15000
1GYKPDRS0LZ208597,15000
KM8J2CA40LU207725,15000
WAUDF48H99K011854,15000
KNDCB3LC8L5422118,15000
JN8AS5MV6FW763782,15000
KM8J3CAL3LU197051,15000
1FM5K8GT9GGD20025,15000
5NPE34AB4JH666478,15000
5NPE34AF9HH506979,15000
5NPE34AF5JH672311,15000
2C3CCARG2LH180886,15000
JM3KFBCM0L0827302,15000
VNKKTUD37HA074198,15000
1GNFK36379R190077,15000
1FT7W2BT1HEE75915,15000
5NPD84LF5LH605396,15000
19XFC2F73HE226568,15000
1GKKVSKD7EJ221803,15000
5XXGT4L3XKG290235,15000
3G1BE6SM0HS512285,15000
3KPFK4A76JE270091,15000
2GCVKREC6J1108622,15000
YV4A22PL5L1614113,15000
JN1BY1PR2HM210571,15000
JTDBL40E79J045429,15000
1J8HR58217C572210,15000
3KPF24AD0LE245051,15000
5NPE34AF0GH327700,15000
3MZBPABL3KM107929,15000
3GKALMEV8LL270581,15000
1GKS2HKJ9GR389691,15000
JM3KFBDM2L0843872,15000
WDDZF4KB5HA033406,15000
5NPEB4AC3EH826951,15000
3LN6L5F92JR609592,15000
1C4BJWDG2HL503796,15000
SALGS2SE4LA576937,15000
5NPE24AF9HH438010,15000
JTDKN3DUXA1299372,15000
2GNAXKEV8L6226144,15000
5XXGU4L30GG099220,15000
KMHRB8A33LU014931,15000
1GNSKHKC0LR112040,15000
1GNSKHKC5KR300972,15000
JM1BK12F551293521,15000
1G11B5SL9FF353760,15000
1G1ZC5ST6HF144995,15000
3FA6P0HD8LR180335,15000
WAUENAF46JA025792,15000
YV4102RK1L1535869,15000
2LMPJ8KP9LBL05827,15000
5XXGT4L39KG278741,15000
KM8K5CA54LU488643,15000
WBXHT3C37H5F85097,15000
2C3CDZGG3JH217357,15000
KNDMB5C13M6673686,15000
1FTEW1EF2HFA49085,15000
WDDSJ4GB1GN379825,15000
KM8J3CA43LU280827,15000
3LN6L5B91LR612508,15000
1C4SDJCT6EC383439,15000
KM8J2CA46JU820087,15000
2LMPJ8K95LBL22075,15000
5J6RE48538L008629,15000
1FTEW1E5XKKD99814,15000
SALCM2GX5LH836269,15000
1C6RR7KT7HS733599,15000
WDCYC7DF7EX227468,15000
WDC0G4KB2JV068882,15000
5XYPGDA36GG155750,15000
1FTFW1ET4EFA80232,15000
3MZBM1U74GM304270,15000
3N6CM0KNXFK729132,15000
YV4A22PL9M1672338,15000
WA1LFAFP8FA115562,15000
5GAKVBKD7EJ184300,15000
WAUFFAFC2JN050187,15000
4JGDF6EE7HA914397,15000
1C4RDJDG0HC713712,15000
3KPF24AD7LE245239,15000
1N6AD0EV0DN710079,15000
JM3KFBDL2H0171908,15000
3KPFL4A70HE103619,15000
5NPEF4JAXLH007208,15000
4JGFB5KB7LA022796,15000
5NPD74LF7LH554955,15000
2C3CDXJG8LH128657,15000
MAJ6S3KL8LC312556,15000
1FMCU9J95FUB15449,15000
3TMCZ5ANXHM078868,15000
WBA4C9C57FD331080,15000
1FA6P8JZ9J5501349,15000
1C4RJFDJ6JC212766,15000
5XXGN4A79EG331569,15000
LVY102MKXKP081071,15000
JN1AJ0HR4AM754276,15000
4JGDF6EE8HA802613,15000
1FTFW1EGXGFD04643,15000
KM8J2CA44LU212099,15000
1J4GR48K25C565853,15000
1FA6P8TH4H5275347,15000
1FTEX1EF9GKE51821,15000
5FNYF6H05HB073404,15000
2C4RC1BG0JR103750,15000
3GNAXLEX9LS605307,15000
5NPEF4JA5LH058311,15000
1C4BJWEG8FL500915,15000
1HGCS1A73CA023927,15000
1C6JJTBG8ML502828,15000
YV4102RK8M1685060,15000
1C4BJWEG5DL590084,15000
1GT49REY3LF116420,15000
KMHRC8A34LU033694,15000
1C4SDJCT4LC411672,15000
5LMCJ1D97LUL23489,15000
5XYP5DHC2MG104379,15000
SJAAM2ZV4KC026008,15000
1J8HG48K38C178094,15000
3GNAXKEV7LL282376,15000
KM8J3CAL1LU241645,15000
3VWYT7AU6GM011643,15000
2LMPJ8LR9HBL39712,15000
3VW4T7AJ6GM344767,15000
WAUCKAFR6AA072218,15000
JM1DKFD70J0313976,15000
KMHD74LF5HU191743,15000
1FTEW1EP1JKD74879,15000
1GYS4BKJ7HR175524,15000
5LMCJ2D9XHUL69895,15000
55SWF6EB2HU190787,15000
1C4SDJCT2LC187074,15000
2LMPJ8KP7LBL18575,15000
19UUB2F69JA013345,15000
3GNAXSEV1LS710884,15000
KM8J3CA49LU280718,15000
5LMCJ1D98LUL26546,15000
1GNEVGKWXJJ137337,15000
1G6DF5RL8L0147541,15000
WBA7F2C53JG424455,15000
1C4RJFCG5HC655412,15000
1C4BJWEG8CL103085,15000
1GTU9FED3KZ130102,15000
1C4RJFAGXDC633757,15000
1GYKPCRS2LZ103425,15000
1GCGTDEN4H1181837,15000
1N4AL3AP8FC146037,15000
4JGCB6FB3AA102113,15000
1C4BJWEG0DL563259,15000
KM8J3CA43HU491811,15000
1C4RJFBGXFC775625,15000
1VWDT7A34HC066374,15000
2GNFLEEK7E6308152,15000
2GNAXUEV0L6198304,15000
WP0AA2A71CL019782,15000
1C4BJWDG6HL656830,15000
KNDPMCAC3H7074481,15000
JM1DKFC72K1447661,15000
JM3KFBDM7L0841308,15000
1HGCR2F32HA198196,15000
3GNAXUEV2LL285746,15000
3LN6L5KU5HR663957,15000
1C4RJFCGXJC166963,15000
1C4RDJDG1HC717901,15000
1C4BJWFGXJL874093,15000
KMHC75LC2LU200737,15000
5NPEH4J20LH047638,15000
3KPFK4A75HE136277,15000
1GNSKJKCXGR459310,15000
1C4RJFBG2LC445182,15000
1GCVKREH1HZ298858,15000
1C4PJMDX0LD568241,15000
JTMK1RFV7LD060626,15000
4S3GTAA67J3747545,15000
5UXXW3C51F0M86752,15000
WAUC4AF49JA002243,15000
5NPD74LF0LH609097,15000
1C4RJFBG9LC290548,15000
2C4RC1GG4HR772154,15000
3GNAXKEV8LS710896,15000
1FTEW1E55JFE27056,15000
5LM5J7XC2LGL30027,15000
1G6KD57Y98U111448,15000
1C4RJFBG5KC799289,15000
1HGCR2F82DA071679,15000
3VWEB7BU8LM069803,15000
5NPD84LF1KH421409,15000
KM8J3CA42HU456287,15000
4T1G11AK0LU352358,15000
1G4HD57247U212233,15000
KNDPNCAC2L7830601,15000
1FTEW1E47KFB73200,15000
1LN6L9NP0L5604582,15000
5UXKR0C50J0X91605,15000
JTHCK262192028014,15000
JTMBD31V876031433,15000
3GKALTEVXLL301372,15000
1GNERFKW9LJ275825,15000
WAUENAF48HN026428,15000
JM3KFBCM1L0849177,15000
5NPD84LF9HH181289,15000
KNDPMCAC2M7848374,15000
KNDMB5C12J6355702,15000
KNDPBCAC6E7617209,15000
3C4NJDBB7MT516261,15000
1C4RJFBG0FC698926,15000
YV4162UK7L2253882,15000
3GNAXUEV8LS704074,15000
1FM5K8B87JGB44800,15000
3KPA25AD3LE329039,15000
3GKGK16F6XG531658,15000
5NPEH4J29LH035276,15000
2A4GP54L17R156313,15000
WDDJK7DA9DF001506,15000
1C6SRFFT4LN407532,15000
2C3CDZC97LH125100,15000
5N1DL0MMXHC521626,15000
1FT8W3DT6HED81598,15000
KNDPMCAC4L7706882,15000
JN1BJ0RR6GM265020,15000
SADFP2FX8L1Z86869,15000
WP1AB2A21DLA86433,15000
KM8J3CAL7LU161265,15000
5FNRL5H28EB009961,15000
3C4NJDBB5KT599511,15000
5NPDH4AE3GH746418,15000
ZACNJBBB4LPL74409,15000
2A8HR54P48R675325,15000
MAJ3S2KEXLC377200,15000
KNAE45LC7K6059668,15000
1C4RJFBG5JC357675,15000
1HGCS2B89CA007499,15000
JM3KFBCL5H0211545,15000
KM8J3CA48LU253266,15000
19UUB3F65KA000356,15000
2GKFLTE36H6281427,15000
MAJ3S2FE1LC377242,15000
1C4RJFBG8LC444618,15000
5XYZKDAG5CG153685,15000
1G1BE5SMXH7241633,15000
KL7CJPSB8LB048126,15000
SALZP2FX9LH090489,15000
3TYSX5EN7LT002985,15000
5N1AR2MM4FC660077,15000
1C4RJFBG0LC209453,15000
5TDBT44AX1S056150,15000
5NPEF4JA3LH033018,15000
3FA6P0HD2LR165829,15000
5XXGM4A79FG481038,15000
1LN6L9VK2L5603132,15000
1FMHK8D80BGA21254,15000
WA1ECCFS7JR021054,15000
3MVDMBEM7LM123484,15000
ZACNJBAB8KPK26781,15000
2T1BU4EEXAC251723,15000
3LN6L5F90LR620870,15000
KM8K5CA50LU531200,15000
KNADM5A37F6423172,15000
WDCTG4GB6FJ039843,15000
1HGCM56634A115980,15000
1C4RDJAGXLC142629,15000
1FMCU9GD9HUC70651,15000
3GNCJNSB1LL182697,15000
1GAZGPFG0J1327566,15000
KMHTG6AF3LU027197,15000
MAJ6S3FLXLC355693,15000
3C4NJDBB4LT122358,15000
KM8K5CA54MU627381,15000
5LM5J7XC5LGL31639,15000
1C4RJFAG9CC350927,15000
WP1AB2A59KLB30945,15000
JM3KFBCM2L0793878,15000
4JGDA6EB1HA971442,15000
KNDPRCA66M7851483,15000
KM8J3CAL3LU257085,15000
5UXKU2C52J0X49589,15000
1FM5K8GT9JGC78155,15000
2C3CDXL91JH247047,15000
2T2BK1BA5DC219901,15000
5LMCJ2D97LUL19240,15000
5FNYF48489B003856,15000
5NPEH4J28LH022308,15000
KM8J3CAL0LU266004,15000
5NPDH4AE3EH540772,15000
KNDERCAA7M7120184,15000
5NPEG4JA2LH058327,15000
SALVP2BG8HH259977,15000
2C3CDXJG4LH156293,15000
5NPEG4JA9LH025924,15000
1GKS2CKJ4HR213538,15000
1G6DS5EDXB0116896,15000
1C4RJFAG8LC335335,15000
KM8J3CA48LU252621,15000
JN1BY1AR2GM270552,15000
KM8JTCAF5FU960850,15000
5NPE34AF2JH596532,15000
1HGCP2F34CA128358,15000
2C3CDZJG0LH178027,15000
JM3KFBDM1L1851780,15000
5NPEF4JA3LH057349,15000
3FA6P0HDXLR245881,15000
2GNFLEEK9D6183850,15000
KM8K5CA56LU449889,15000
2FMDK3JC9DBB50453,15000
1FTFW1EG8GFD04723,15000
1FMCU0GD3HUE14934,15000
JM1GJ1W69E1161199,15000
WBAJA9C56JB252397,15000
2C3CDXBG1KH628253,15000
5LMCJ1D97LUL23685,15000
WBAJB9C50JB036526,15000
1FMCU9GD4HUD71337,15000
3LN6L5F90LR614681,15000
5NPEF4JA9LH044783,15000
JF2SHABC3CG424154,15000
KNDMB5C13K6551973,15000
3LN6L5F96HR643240,15000
1G1ZD5ST9JF127126,15000
2LMPJ8KP2LBL13039,15000
KMHFC46F56A131573,15000
3KPF24AD6LE231560,15000
WBANN73577CN04560,15000
KNDJ23AU3L7003374,15000
2C3CDXBG4CH178616,15000
KMHD84LF3HU369047,15000
5UXCW2C56KL087255,15000
JM3TB38V690180646,15000
JM3KFBCM1L1821163,15000
1G6AL5SX5G0112924,15000
3C4NJDBB4LT100294,15000
1GNKVGKD7HJ224009,15000
5NPD84LF3LH585455,15000
KNDP6CAC7L7827285,15000
YV1RH592262503411,15000
WA1A4BFY0J2015261,15000
1FMCU9J92HUE91786,15000
1G6DT5RK8L0124485,15000
JTDKAMFU2M3129840,15000
3GCNYAEF2LG222492,15000
2HNYD28418H500194,15000
1FTFW1E63DFD12134,15000
1C4RJFAG6GC303425,15000
3FA6P0HD6LR164652,15000
2G1FB1E3XF9231542,15000
2HGFC2F50HH549433,15000
JTHCL5EF1E5022497,15000
2C3CDXCT9HH644544,15000
KM8J3CA20HU384732,15000
4T1BE32KX4U356945,15000
3C6UR5FL0LG244907,15000
YV4102RL8M1682197,15000
YV4162UL6M2408917,15000
2C4RC1BG8KR650525,15000
5NMS2CAD6KH096712,15000
JM1DKFB7XJ0306133,15000
WBAJA7C39HWA70539,15000
5N1AR2MM5DC674597,15000
JM3KFBCM0L0823878,15000
3LN6L5F9XLR621623,15000
4JGDA5HB5GA795077,15000
1C4RJFBG1LC444704,15000
5UXWX9C56F0D50891,15000
3N1AB7AP1FY316625,15000
KM8J3CA44LU194006,15000
5NPE34AF5HH586149,15000
3N1AB7AP7KY290185,15000
1FMCU9G65LUB89351,15000
5N1AT2MV4HC891459,15000
WVGBV7AX0GW594963,15000
2GNAXSEV6L6265928,15000
JM3KFBCM3K0540812,15000
1GKKVTED6CJ387955,15000
WDDHF8JBXGB218192,15000
JM1BK344481132430,15000
5NPEF4JA5LH039466,15000
2LMPJ8J99LBL21223,15000
KM8J3CAL6LU161340,15000
WDBRF61J65A685394,15000
WBAJA7C36HG903768,15000
2LMPJ8KP6LBL20088,15000
3C6UR5DL5LG115189,15000
5N1AT2MV1EC751994,15000
5XXGU4L32JG209143,15000
2LMPJ9JP0LBL00412,15000
1FMCU9GX5GUB49771,15000
KM8J3CA43HU539212,15000
YV4102RL3M1685380,15000
WBA5M4C30HD187121,15000
MAJ6S3JL4LC385196,15000
1C4HJXEG1LW348549,15000
2LMPJ8K94LBL13058,15000
2G11Z5S32K9161742,15000
1N6AD0CW4BC437247,15000
1GYFZCR48KF111719,15000
3LN6L5B91LR610614,15000
1GNSKHKC9JR204972,15000
KNDJP3AE3H7024713,15000
3GNAXUEV5LS671177,15000
5UXKR0C55H0U55409,15000
5NPEF4JA3LH006658,15000
YV4A22PK4J1363069,15000
YV449MRRXH2188989,15000
1C4RJFBGXLC444510,15000
2C3CDXGJ5LH212356,15000
7FARW2H56KE034910,15000
KM8J3CAL4LU216397,15000
JM1NDAM76L0415951,15000
5FNRL5H95GB067848,15000
KM8JUCAC1CU456617,15000
3FA6P0HD9LR224696,15000
KNDPNCAC2L7700155,15000
KM8K5CA52MU611082,15000
1FMCU9G67LUB98262,15000
3LN6L5C95HR643976,15000
YV4102RL7M1685303,15000
JN1FV7EL2HM702190,15000
WBA4W5C52JAA49572,15000
YV4A22NL2L1104787,15000
1GYKNBR42LZ197856,15000
1GYKPDRS2LZ209248,15000
WP0AB2A87HS285679,15000
1C4BJWDGXFL773906,15000
1FTEW1EG9HFC16485,15000
1GYKNBRS0KZ221942,15000
1C4RJFAG6HC662548,15000
KNDPNCAC7M7858170,15000
5UXWX9C37H0W74057,15000
3GNAXSEV8LS717332,15000
YV4A22RL9L1571201,15000
KNMAT2MV7JP561883,15000
1GKS2GKC7KR181619,15000
KNDJ23AUXM7741688,15000
1FTEW1EFXHFC63998,15000
WAUB4DF53JA036698,15000
55SWF4KB5FU001796,15000
3FA6P0HD1LR231545,15000
5N1AT2MT1KC803991,15000
KM8J3CAL0LU199162,15000
1C4RJFDJ7HC887486,15000
JM3TCBCY0H0134012,15000
1VWCN7A39EC070177,15000
1J4PR4GK1AC103604,15000
5J8TB4H53FL017432,15000
1C3CCCDG7GN135586,15000
WBA4U9C37H5H64412,15000
1FM5K8D84FGC55681,15000
2FTRX18LX1CA75497,15000
1G1BL8378PW105179,15000
1C4HJWDG1JL878594,15000
2HNYD2H26AH516413,15000
KM8J3CA46MU294559,15000
5NMS3CADXLH259134,15000
1C4PJMCB2EW107524,15000
5XYPGDA50GG139402,15000
1C4RDJDG9LC394741,15000
55SWF6EB7GU124847,15000
1C6RR7FT6HS612797,15000
SADCJ2BN7HA098663,15000
JM1DKFC74J0315554,15000
YS3FA4CY3B1302548,15000
KNDCE3LC0H5038042,15000
WAUB8GFF6J1021871,15000
1HGCP2F84AA014367,15000
1C4PJMDX5KD350746,15000
3FA6P0HD0LR251267,15000
1GYKNAR41LZ226368,15000
YV4102RK5L1521960,15000
1C4NJRFB2FD417797,15000
JF1VA2M67G9829723,15000
KM8R5DHE9LU054843,15000
5XYPG4A3XJG366814,15000
3MZBN1W33HM144116,15000
WBA4J3C54JBB97610,15000
WBA3X9C57GD869814,15000
5NMS2CAD9LH249570,15000
1FTYR2CM1GKB30984,15000
WBA6A0C50ED317496,15000
3C4PDDBG2GT173195,15000
3D7KS26C16G201108,15000
2G1WA5EN1A1101619,15000
5NPEH4J20LH009746,15000
1GYS4BKJ7LR166914,15000
3KPC24A64ME128868,15000
ZAM57XSA5H1221143,15000
3GNKBBRA5LS677222,15000
1GYS4CKJ6LR240569,15000
KNDMB5C15M6663323,15000
1GCVKREC5JZ305269,15000
5NPD84LF4HH173925,15000
KMHD84LF4LU106980,15000
WBA5B3C51GG259281,15000
3GNAXHEV9LS700977,15000
ZFF77XJA2F0207106,15000
YV4A22RK5L1590660,15000
JM1FE173350150970,15000
WA1LFAFP0EA038636,15000
2HGFC2F76JH547161,15000
3FA6P0T96LR244925,15000
1G1FZ6S05L4121127,15000
KNDPMCAC9H7247775,15000
KM8J2CA46LU271705,15000
JM3KFBBL8H0167073,15000
ZFBHRFAB7L6R57466,15000
WP1AF2A54FLB48389,15000
WP1AG2A50HLB50172,15000
5FNRL38736B427054,15000
3FA6P0CD2LR205558,15000
1FM5K8D82DGB16579,15000
YV4A22RK2M1676915,15000
1C6SRFFT3LN407487,15000
WBA7F2C34HG422836,15000
5NMZUDLB3HH014048,15000
5NPEF4JA1LH031073,15000
1GNKRGKD5HJ344511,15000
KM8J3CA44LU252017,15000
WP0AA2A7XGL001934,15000
WA1DKAFP1CA080083,15000
KNDJ23AU9L7726808,15000
YV4102RK1M1677026,15000
5FNRL18923B030601,15000
5LMJJ3LT4LEL16591,15000
JF1ZCAC1XH9601339,15000
WDC0J4KBXHF253915,15000
3VWC17AU4FM509094,15000
3FA6P0HD6LR236174,15000
KNDPMCACXK7560468,15000
JTEBU5JR2K5642616,15000
SADCJ2BV4HA881794,15000
2C4RDGCG1KR557909,15000
WAUFGAFC2GN005370,15000
3GNAXKEV2LL256395,15000
WAUU2AF24KN018210,15000
2C3CCAEG1JH126871,15000
3GNAXSEV0LS717325,15000
KNDJ23AU4M7739886,15000
WBAJE7C59JG891305,15000
KNMAT2MV2HP607209,15000
JM3KFBDM8L1856989,15000
KM8K5CA56LU543772,15000
5J8YD4H51HL002270,15000
3VWD17AJ1EM235068,15000
1C4HJXDN9LW259182,15000
KNDPNCAC7M7858220,15000
5XXGT4L38KG284739,15000
SALWZ2RE6LA742193,15000
1G1ZB5STXHF124915,15000
WBA3A9C51CF270309,15000
WDBRF92H47F878730,15000
2C4RC1BGXLR237748,15000
3KPA25AD9LE334018,15000
3G1BF6SM9HS532435,15000
1GKS2GKC0HR218423,15000
5NPEF4JAXLH060748,15000
2GNAXKEVXL6253572,15000
2LMPJ8J97LBL15226,15000
5XYPHDA56LG702699,15000
YV4A22RL4M1684202,15000
1C4HJXDN1MW505157,15000
1FADP3F24HL330232,15000
5XYPKDA5XHG227356,15000
1GCGTCEN0H1141944,15000
4JGDF6EEXHA845513,15000
5NPD84LF3LH603954,15000
KM8J3CA46HU437712,15000
3N1CN7APXFL907873,15000
1N4AL3AP1HC219882,15000
2GKFLVEK2F6213528,15000
JM3TCBDY5J0207654,15000
1GNKVHKD6HJ334443,15000
1C4RJFBG2LC396601,15000
WA1VAAF75JD010752,15000
1FMCU9J9XKUB89315,15000
1C4PJMDX0MD100320,15000
2HGFC1F38GH652137,15000
1C6JJTBG8LL100631,15000
1FT7W2BT2KEF05897,15000
JM3KFBCM0L0848795,15000
2C4RC1GG8ER196175,15000
WAUHGAFC9DN004754,15000
SALRG2RV7L2433667,15000
KNDCE3LC1H5089775,15000
5FNRL38279B010108,15000
KM8R4DHE9MU197179,15000
2C3CDZGG9LH173142,15000
2LMPJ8J90LBL20638,15000
5XYPKDA53LG701561,15000
KMHDC8AE7CU153811,15000
KM8J3CA2XGU115023,15000
5XYZUDLBXHG484961,15000
2C3CDXJG3LH115119,15000
5NPD84LF6LH604533,15000
SALZP2FX7LH086957,15000
JTMH1RFV5LD059694,15000
5UXTS3C52K0Z09908,15000
3FA6P0T91HR200192,15000
3FA6P0T94LR258984,15000
WA1CCAFP9HA034419,15000
1GNKRGKD3HJ253527,15000
1GCVKREC4HZ208056,15000
4JGDF6EE5HA876622,15000
KM8J3CAL7LU194346,15000
2GNFLEEK0H6284880,15000
1C3CCBCG4DN659205,15000
KM8K33AGXKU044155,15000
YV4SZ592371273337,15000
3GNAXHEV2LS680670,15000
WAUG8AFC4HN091901,15000
3GKALVEV7LL308212,15000
5NMS3CAD0LH255688,15000
1FADP5AU6JL103649,15000
KM8J3CAL1LU198697,15000
1C6RR7FG4HS618097,15000
3C4NJDBB6LT216662,15000
1GNSKCKC0GR256521,15000
3CZRU6H75HM702835,15000
WDCTG4GB1GJ266116,15000
2T1BURHE7FC373942,15000
3FA6P0T91LR252348,15000
3FA6P0HD2HR362586,15000
5XYP5DHC2MG095666,15000
1GCGTDEN3J1102423,15000
JF1GPAA67E8238283,15000
1FMCU0F75JUB47183,15000
KM8J3CAL2LU257840,15000
KM8K6CAA5LU538511,15000
1G1PA5SH3D7117055,15000
YV4102PK0K1509569,15000
55SWF4KB8HU201283,15000
WP0AD2A70DL045220,15000
2C3CDXHGXJH169391,15000
1GNSKHKC5GR369183,15000
5TFBY5F19EX381652,15000
1C6SRFRTXKN520380,15000
YV4102RK8M1689805,15000
5NPEH4J21LH041167,15000
5UXKU2C32H0X47141,15000
JM3KFBCM5L0825951,15000
JM3TCBDY3L0422159,15000
5NPD84LF1LH612247,15000
1C4GJXAG8LW301732,15000
1LN6L9TK8H5608992,15000
1GNSKHKC1KR373952,15000
1GKS2BKC9LR264666,15000
1GTG6CE36F1209635,15000
YV4102RLXM1682220,15000
1B3EL46X94N205500,15000
ZACCJBBT0FPB58130,15000
3FAHP0JA5CR434303,15000
1FTFW1E84AFA64571,15000
2C3CDXGJ2JH289876,15000
2LMPJ8KP2LBL14790,15000
2HKRW2H5XKH648548,15000
WDDHF8JB3GB236582,15000
1C4HJXEG6MW512654,15000
1FM5K8D85JGA66272,15000
3N1AB7AP8HY330878,15000
4T1BE30K65U062074,15000
3C6TRVNG0LE100284,15000
YV4102RL6M1685678,15000
WBAXH5C59CDW10369,15000
3FA6P0HD5LR219530,15000
1G1YP2DW7D5101322,15000
WDDDJ72X18A132567,15000
ZACCJBAT1GPD79528,15000
3N1AB7AP8KL606805,15000
1FTEW1EG5HFC70155,15000
1FM5K8GT7HGC50381,15000
SALCR2FXXKH802667,15000
1FAHP56S12A112264,15000
2G1105S30J9108725,15000
1GNSKHKC6JR361729,15000
1C4PJMLB6LD640808,15000
JTNBE46K973062589,15000
1N4AA6AP7GC432647,15000
MAJ6S3JL4LC337178,15000
JM1GL1UM6L1525507,15000
3GNAXSEV2LS617128,15000
1G1BE5SM3J7132856,15000
2GNFLEEK1C6241691,15000
KMHRC8A37LU045404,15000
1C4RDJDG1LC412021,15000
JTEEP21A160170005,15000
5XXGU4L33JG216778,15000
JM3KFBDM2L0851907,15000
5FNYF4H52DB065173,15000
1C4RJFAG7CC135966,15000
5FNYF4H69EB034920,15000
5N1DL0MM0HC519674,15000
5XYPGDA35LG698386,15000
KM8J2CA48LU120333,15000
JN8AS5MV8AW141709,15000
1C4RJFAG3HC682384,15000
5FRYD4H51HB011096,15000
WBA7F2C52JG423880,15000
19UUA662X5A075818,15000
1C4RJFCG5LC434613,15000
5NPEF4JA4LH000819,15000
1C4NJDBB2ED808701,15000
1GNKVGKD1HJ252355,15000
5LMCJ2DH0LUL23010,15000
KNDP6CACXL7823635,15000
5NPEF4JA4LH061653,15000
3GNAXKEV2LS671139,15000
1C4RJFBG9LC227126,15000
JF2SJAGC0FH815208,15000
WDDWF4KB7HR257135,15000
5J6RE48369L065844,15000
2C3CDZFJXLH184809,15000
5LMCJ1D98LUL25817,15000
KMHTG6AFXLU026578,15000
5NMS2CAD9LH195560,15000
WDDWJ6EB5HF438645,15000
1C4RJFBG6LC396603,15000
WDCGG8HB1AF376018,15000
MAJ3S2KEXLC388939,15000
KM8J3CAL9LU204858,15000
5NPEH4J25LH020032,15000
KMHGN4JB2JU218907,15000
2G61U5S33G9142648,15000
1GCVKREC3HZ322758,15000
1C4RJFAG7HC624164,15000
ZARBAAC41FM129303,15000
5NPEF4JA1LH059388,15000
4JGDA5HB0EA292182,15000
3CZRU6H35GM723745,15000
1G6DX5RK3L0126388,15000
JM3KFBCM1L0841841,15000
JM3KFBDL9H0211319,15000
WAUBGAFC0CN006283,15000
2GNAXHEV7L6265374,15000
KM8J3CA42GU037841,15000
WDDZF4KB8HA033481,15000
KNDCB3LC0L5375716,15000
JM3KFBDY3K0627949,15000
WDDZF4KB4HA047782,15000
YV4A22PK6L1577970,15000
JM1NDAM72L0415932,15000
1FMHK8B86CGB00402,15000
3GTU2NEC1GG218952,15000
1FTEW1EF6HFA01928,15000
3GCPKSE37BG209872,15000
5NPD74LF1LH616642,15000
1C4RJFBG1HC892691,15000
1C6RR7UT0JS128648,15000
1G6RR1E41EU600981,15000
1FMCU9GD9HUD08444,15000
1C6RR7FG2JS184770,15000
1FMCU9G91FUB54529,15000
5GZEV23D59J171382,15000
JM3KFBCM0L0838316,15000
WDDZF4JB4HA094070,15000
KM8J3CAL6LU258098,15000
1GCHTCE31G1116813,15000
3FA6P0G72HR267392,15000
WBAJA7C36HWA70658,15000
JN8AS58VX9W164446,15000
WD4PG2EE4G3146457,15000
3GNAXKEV3LS645441,15000
2C4RC1BGXLR117660,15000
1G1PH5SCXC7255576,15000
5NPEF4JA7LH046208,15000
JF1GPAL6XD2845440,15000
1C4HJXFN5LW329404,15000
3LN6L5B97LR605479,15000
MAJ3S2GE7LC367183,15000
1HGFA165X8L017741,15000
JTHCF1D21E5006203,15000
1C4RJFDJ0LC173224,15000
KMHC85LJ8LU061810,15000
WBA8D9C34HA005576,15000
5N1DR2MM2HC907029,15000
1G1PC5SB9E7320054,15000
2FMDK4KC7DBC49552,15000
JA4AR3AU2KU033097,15000
5UXWX9C38H0W78411,15000
5LMCJ2D99LUL15075,15000
KM8J3CAL2LU226104,15000
SALZP2FX7LH090328,15000
JA4AR3AUXKU031596,15000
1N4AA6AP9GC381054,15000
1FTEW1EG7JFB32364,15000
WDC0G4KB7HF255118,15000
JM3KFABMXK1505299,15000
JTEHF21A730143984,15000
1C4RJFBG5LC274525,15000
4JGED6EB8KA141852,15000
KNDJ63AU5M7126535,15000
KNDJ23AU8M7739888,15000
3KPF34AD7LE250762,15000
KNDCC3LC1L5422779,15000
KM8K5CA50MU603837,15000
5N1AT2MV5HC799597,15000
1C4RDJDG0HC741140,15000
1C4NJDBB3CD570144,15000
YV4CZ982281477075,15000
5J6RM4H76DL013242,15000
KM8J33A42JU656060,15000
KM8J2CA43LU087919,15000
3C4NJDBB0MT503304,15000
2LMPJ8KR3HBL14399,15000
ZFBHRFAB1L6S10252,15000
KM8J3CAL6LU102563,15000
3KPF24ADXLE198336,15000
3GNCA53V39S514713,15000
5N1AT2MV9HC818684,15000
4T1BF1FK7HU624108,15000
5NPEF4JA0LH050701,15000
1GCVKPEH9JZ205661,15000
5XXGT4L33LG421670,15000
1FMCU9HD7JUA63132,15000
WDDZF4KB4HA030819,15000
5NPD84LF3HH014751,15000
4JGDF6EE1HA882482,15000
1G4HP57268U199283,15000
5UXWX9C56H0T00993,15000
3FA6P0HDXHR218736,15000
JF2SH646X9H767308,15000
WAUBFAFL3AN070639,15000
WDDKJ6HB8HF361943,15000
KNDPNCAC4M7858403,15000
1GYFZDR42LF114591,15000
WDCGG8JB2FG418465,15000
1VWBN7A36EC067619,15000
1C4RDJAG4JC330883,15000
3MEHM0CG1AR636135,15000
1C6HJTAG2ML502629,15000
WDDLJ7GB6HA197200,15000
1GNSKBKC6KR391912,15000
JM1DKFC7XK0443931,15000
3VV2B7AX7KM153189,15000
3GNAXKEV9LS657299,15000
1FMCU9G63LUB95309,15000
5XYZT3LB4DG007563,15000
3MZBPAEM5KM105281,15000
KMHD84LF2LU106881,15000
YV4A221K3M1672822,15000
JTHBZ1BL5GA007105,15000
1GCGTCEN5J1172161,15000
1C4RJFCGXFC129709,15000
3TMCZ5AN1LM359840,15000
5XYZWDLA1JG506031,15000
WBA4J3C58JBG90786,15000
KM8J3CA42HU399704,15000
3GNAXUEV7LL272796,15000
2C4RC1AG9LR120065,15000
JM3KFBDM6L1823344,15000
4T1B11HK3JU584255,15000
5N1AA0NE4AN623191,15000
JN1CV6AR6DM761356,15000
1G1PK5SBXE7367631,15000
2C3CDXJG3DH584793,15000
1GCNKPEA4CZ264638,15000
JM3KFBDM7L1845238,15000
1LNHM94R39G628008,15000
3GNAXLEX8LS523181,15000
WBAKF9C53CE672450,15000
KL7CJLSB1LB063169,15000
JTHBK1EG7C2488661,15000
5NPEF4JA3LH058405,15000
1GNKRFED6GJ185504,15000
