vin,price
5N1AT2MV8HC824461,25408.487333333334
1GNSKCKC2HR160472,32654.363999999994
5NPD84LFXJH361029,13562.76192063492
5XXGT4L34KG284916,15407.937047619045
2G1WF52E819291457,2661.662333333334
1J4AA2D16AL194169,14871.189142857145
KM8K5CA55LU544542,26648.876888888884
1FMCU9G64LUB92886,32934.70133333334
KM8J3CAL2LU266330,26806.404354256858
5NPEB4AC2DH592168,12013.74814285714
1C4RJFBG8LC445185,49383.5379047619
3GYFNCE30DS653971,15585.775047619047
1C4PJMMXXMD101880,45643.501619047616
5XXGT4L37KG276468,17342.797238095238
5TETX22N38Z527037,5079.599952380951
2T1BURHE1FC314983,10521.564761904761
1G6AH5SX9H0145007,33533.31165079365
JM3TCBCY5L0418437,52428.792857142864
1C4RJFBG2HC728298,25959.430714285718
KM8J3CAL4LU230414,26248.933523809526
2T2HA31U15C048103,8603.891714285715
3FA6P0HDXLR256086,25260.90892857143
5J6YH28389L004972,9489.438999999998
1FTEX1EP1HFA18142,39556.80990476191
WBA8D9C33HA011353,20758.598095238096
2C4RC1CG1CR171024,10136.599666666665
KNDJ33AU8M7126487,26783.0491904762
5XYP5DHC6MG097419,38477.9891031746
1C6SRFLT5LN417457,52883.722571428574
3GNAXLEX5LS605305,30298.004
1C4RJFBG2LC441116,46997.71633333333
YV4A22PK9L1609763,60445.72016666666
WDCGG8JB0EG321361,24222.054333333326
JF1VA1A65F9833668,26951.246190476184
2C4RC1BGXHR744754,18476.67057142857
2GNALDEK0D1145781,11283.289
KM8K5CA55LU501027,30874.82023809523
2C8GT54L24R578568,5899.679095238097
3MZBN1V33JM168844,22110.534857142855
5NPD84LF1HH012884,8602.575404761905
2G1WC5EM3B1204169,5931.342151515152
3KPF24ADXLE231027,20222.297499999997
MAJ3S2GE7LC349766,25739.333380952376
YV140MTL3H2427813,37310.00664285714
2T1BURHEXHC802025,13805.998285714288
JM3KFBDM7K0528595,33288.130999999994
KNDPMCAC2M7863540,31107.864095238092
5NPEH4J28LH018985,29796.480714285713
WA1VAAF72HD029625,33562.849380952386
3GKALTEV3LL259370,30300.624047619047
KM8J3CAL0LU269551,28174.413492063493
WBS3R9C53HK709836,37729.23761904762
WDDZF4KBXHA149023,28157.728095238093
JF2GPACC4E9302837,7644.864984126985
JM3KFBDM3L0839698,33088.76533333334
3LN6L5F97LR618565,42807.87642857143
WDDTG5CB2FJ119776,35008.94080952381
JM1DKFC78K0452367,27370.23866666667
3FA6P0K9XHR159840,15796.344976190476
WBAJA7C30HG903992,26094.03809523809
1C4BJWEG8CL179339,25605.771571428577
5NPD84LF5LH506934,18661.999666666667
5NPEF4JA1LH059374,27663.019952380957
KNDMB5C12M6663196,32553.476793650792
2C3CDZAG8GH279578,38772.67959523811
1C4RJFAGXHC940027,28431.82350000001
4A3AK24F56E003719,3424.951255411256
JA4AT4AA5JZ043234,17488.832714285712
5NMS3CAD9LH232541,32897.14566666667
5NPEC4AC7DH799877,9727.743904761905
3FA6P0HD5LR132291,25070.967571428573
SALYU2EE8LA272360,102428.95885714285
WP1AB2A25HLA50279,71685.60904761904
KM8K3CA57LU519891,31083.22571428571
5NPEH4J29LH008305,30225.689727272733
MAJ6S3GL6LC345290,42341.41099999999
KNDPMCAC1H7200546,17949.79257142857
1J8HR58236C327696,7408.0421904761915
1G1ZB5ST0LF148696,26111.506380952385
KMHGN4JE6HU171532,45240.63016666667
5NPD74LF0LH615918,26428.343285714287
1C6SRFJT5LN308225,53660.49773809524
5NPEU46F16H033954,3880.8390793650788
2T1BR32E44C258459,5168.269658008658
1C4RJFLG6LC413737,49455.5939047619
KM8J3CA4XHU556945,28201.762523809528
JH4CU2F47DC001706,11713.21583333333
2T1KU4EE9AC249400,10102.685674603174
WBA6H7C37HGA05247,49661.93685714286
5NMS3CAD8LH235365,32714.59266666667
1N4BL4EW1KC128453,23278.77923809524
1GC1K0EG2JF134544,49236.35190476191
1GNSKBKCXLR111152,39224.37533333333
KMHC85LJXLU061114,36891.28119047619
2MEFM74W81X691396,3933.018166666666
JTEBU11F570029117,5627.156666666668
KNDPRCA66J7374694,18539.494333333332
5NPEF4JA9LH047635,26921.696380952377
1J4GW48S21C508989,6300.972999999999
KM8J3CAL1LU269056,26984.232714285707
JM3KFBDL8H0188860,23858.22466666667
SALWR2RY2LA745490,88805.22266666667
WBY2Z2C59FV391693,62868.628999999986
1C4RJFBG1JC165086,30331.96547619047
KNDPRCA61M7850354,35150.20504761904
1GNEVJKW5JJ113864,25754.224047619045
WBA4E3C5XHG187131,25930.337761904764
3LN6L5B98LR619312,41500.622904761905
2T1BURHE4HC909460,11297.290809523807
1C4RJFBG4HC867431,29572.856380952377
1C4NJDEB7HD139874,18938.730666666666
ZHWUC2ZF7JLA09526,92900.73542857144
2G1105S38H9188754,19817.09033333333
YV140MTL9H2437925,28416.456928571435
1HGCM72716A020153,3044.4272857142855
3FA6P0HD7LR252206,25152.680023809517
YV4102RL8M1682202,57774.619906926404
3C4FY58B42T376471,3781.8277619047612
JM3KFBBM5L0833761,32627.16166666667
1FM5K8GT3HGC15675,28923.99728571428
KNDJ23AU2L7110769,15419.084761904762
WA1LFAFP8CA067704,25035.039190476182
2GNAXKEV3L6264946,26219.01733333333
3GNAXSEV1JS586810,18999.264619047623
JTHCZ1BL0HA005798,21361.112523809523
3FA6P0G79LR110497,18697.632190476194
1C4NJRBB4DD129444,11494.585714285713
5NPEF4JAXLH043660,28152.15238095238
JM3KFBDM0L0822163,30869.315999999995
1C4HJXEG7LW348586,46667.457
2C3CDZAG6HH502718,36961.824603174595
2T3LWRFV4LW071706,27914.163428571424
1GNSKJKC0FR275461,31804.385476190477
KM8J3CAL3LU261539,27017.22496536797
KMHD74LF9HU423017,11965.285206349208
WAUFFAFC6HN100339,49280.41621428574
4JGDA5HB7HA816383,33206.42766666667
3LN6L5F92LR614570,42630.4950952381
1N4BL4EV5KC182975,13944.835619047619
5FNRL38798B074094,4062.412619047619
3MZBN1L35JM268978,20059.58104761905
WDCTG4GB1JJ382424,17324.617380952383
WP1AF2A53JLB71073,59664.49342857141
3LN6L5F92LR612561,41552.16190476191
JM3KFBCM7L0823537,33194.94866666666
1C4RJFBG0LC447710,37312.50552380952
WA1VAAF75HD013841,31317.709428571427
WAUW2AFC3HN026955,39837.05499999999
WBA8B7C53GK368522,20777.029857142858
4JGDF6EE3HA797868,53652.73433333333
5LMCJ1D94LUL24146,40786.3299047619
3LN6L5B94LR612499,41180.29357142858
5XXG14J22MG003974,32285.234904761895
5YMKT6C38H0U39474,67275.144
4A3AB56F99E034247,4996.678126984127
WDDZF4KB4JA329314,25529.66738095238
KM8K5CA56LU489020,31389.21857142857
3GNAXSEV6LS700982,26513.319666666666
5LMJJ2JT6FEJ00713,40949.43285714285
1GNSKHKCXKR277477,42022.53873015873
KM8K33AG7KU040354,36891.28119047619
1C6HJTAG2LL171629,50304.867785714276
5NPEH4J2XLH047694,30925.343238095244
1C4RJFBG1HC873879,32410.948650793653
WBS3R9C55HK709921,43058.937666666665
5XYKT3A10BG111248,8619.296904761906
JN1CA31D81T612107,6226.46711111111
MAJ6S3JL4LC337312,27222.64233333333
5LMYJ8XY5LGL19151,84985.61566666666
JN1BJ1CR4HW103617,17458.336095238094
5XYZTDLB3GG311364,16851.431238095243
2C4RC1BG4JR124021,22278.292380952378
WDDZF4JB9HA073196,29328.241333333328
5NPEH4J23LH018456,31760.58373015873
1G1ZH5SX9HF153355,26298.76038095237
JM3KFBDM3L0841080,30622.656333333332
1G6AX5SX9H0174221,29864.707714285705
1LN6L9HK5K5600624,42334.92283333333
3FA6P0HD5LR226848,24607.46638095238
2C4RC1BG8LR225050,25525.225666666665
KNADN4A38G6680771,13599.376499999998
3MZBPAEMXKM109763,27050.235926406924
3C4NJDCB3KT785353,25954.81919047619
WBA8E1G5XGNU10519,20643.15069047619
3C4NJDCBXJT222962,29724.67119047619
5NPEF4JA4LH015949,26142.56783333333
1G11C5SA3GF161795,16063.967666666664
1FAHP3M21CL363282,4938.503714285714
JHLRE4H75BC001067,13339.587476190478
1GNSKBKC3KR162300,39022.32078787879
KM8J3CA44HU539171,20893.695380952373
WDDYJ7HA8HA012401,73978.25952380952
JM3KFBDL7H0154361,27186.88702380953
KM8J3CA40JU683242,17888.02480952381
2C3CDXGJ9LH164795,49083.4405952381
JM3KFABM0K1521253,34407.80233333333
1C4PJMDX7JD562529,38032.403293650794
5NMS3CAA4LH206807,31705.859999999997
2GNAXHEVXJ6349914,16506.023666666664
KMHWF35H65A104109,4225.8748888888895
1N4BL4FW5KC136506,20228.177650793652
5UXKR0C58H0V50577,26912.575428571425
2GNALCEK7H1608628,15108.902952380951
2GNALPEK4C6133488,13169.331190476194
JTJBZMCA8K2041023,40482.664761904765
JF1VA2R68K9814441,36847.929190476185
1C4BJWFGXGL217500,27970.21795238095
JTMBD33V276026810,6124.527952380952
1GCVKREC2HZ245767,35596.172787878786
WAUGFAFR3CA013765,12867.288547619046
5XYZWDLA6HG441770,23683.90488888889
SALVP2BGXHH181671,26088.102619047626
2T2HK31U29C119618,7724.393642857143
YV4102PK6L1576369,51235.17745238096
JM1DKFB77H0159988,16990.058523809523
5FNRL5H61BB033047,10721.371952380952
2GNAXVEX1L6193474,31235.37
1C4AJWAG6DL574428,18420.051333333333
KNDP6CAC6L7823468,27536.714166666665
1C3CCBBG6DN528083,13844.474904761904
1J4GW48S34C246887,4830.937380952381
1GCGTDE32G1363503,33595.09561904762
1GNERFKW4JJ174611,26422.01083333333
KNDMB5C14F6074394,13601.136952380952
KM8K2CAA0MU617162,28884.179666666663
3LN6L5F99LR619474,40404.06197619047
1GCUYEED2KZ244332,56098.091428571424
5XYP3DHC4MG105684,41180.21675396825
1GNERFKW2LJ272443,32756.4489047619
1C4RJFDJ0EC252752,26387.8775
JTHKD5BH1D2155470,14322.360166666664
1G1PC5SB3E7167753,6385.320642135643
JM3KE4CE5D0139031,12476.01761904762
3GNAXKEV5LL308585,27582.058333333334
KMHDH4AE6EU112857,9869.286333333333
LVYA22ML8LP169704,57349.43316666666
3GNAXSEV7LS717337,26216.356
KL79MPSL0MB033857,24785.53755555556
YV4A22RLXL1565505,56514.179454545454
2LMPJ8KP9LBL19145,78693.784
1G1BF5SM0H7110191,14047.525666666668
KM8J33A43LU184115,18180.137428571434
5LMCJ2D90LUL19340,49098.15561904761
4JGDF7CE4EA418784,36486.60347619048
KM8K5CA57LU494985,30869.931190476193
WBA4E5C59HG189075,24502.589857142862
1J4GR48K35C576893,5578.936166666669
KMHRB8A33LU031633,26125.652095238096
JTDKAMFU0M3128458,29173.666047619055
2C4RC1BG6LR196020,32058.72395238096
WBA5A7C51GG148658,19022.650047619045
4JGFB4KE0LA031649,53835.79195238095
3N1AB7AP0HY274841,19661.23542857143
KMHD74LF1HU337703,16406.26282539683
SAJKX6049XC863013,7225.162666666667
2G1WA5E32G1189409,15599.861904761905
2HNYD28248H548741,9627.027333333333
1HGCR2F5XEA294642,11390.733952380955
4T1BE46K67U121284,7906.015714285715
KNDPMCAC4M7862115,31107.864095238092
1C4BJWDG6FL607754,30454.980873015877
3C6TRVBGXLE109272,35918.76185714286
WAUAJGFF8F1035553,18689.49261111111
5FNRL5H36GB056854,15168.505119047619
1FM5K7B80HGD11440,21592.41457142857
KNAE15LAXL6079504,29728.455
4S3BNAN6XJ3018650,21891.567285714285
KM8K3CA51LU469330,27361.00071428571
KNDCC3LC5L5422204,25066.779499999993
ZACCJBAT8GPC79572,16605.31729365079
5NPE34AF1HH543279,17644.477333333336
5UXKR0C50H0V49651,24282.3990952381
2GCVKPEC6K1108934,42772.80514285714
1C4RJFJT0EC106339,26036.90009523809
1GKS2GKC3GR109680,30733.0015
KM8K5CA51LU485022,31321.41880952381
1FTEX1EP4HFC28248,47678.968166666666
MAJ6S3JL6LC385197,25966.11547619048
KNDPNCAC9M7854900,32547.435
1HGCR2F5XEA053471,11216.420079365076
KNDP6CAC9L7768434,27835.978833333334
3FA6P0HDXHR242759,18602.87842857143
KNDPRCA64M7850221,35651.083380952376
YV4162UM0M2401874,57622.45107142858
1J4NF1FB4BD279753,5460.085341269842
4S3BMBG6XB3226504,4060.6805555555557
1FA6P8CF0J5129371,34371.79371428571
YV4A22RL5M1689506,74957.98233333333
3MZBN1V32JM163778,22103.121523809517
JM3TCBDY5L0421899,51775.32623809523
5NPEF4JA0LH059124,26788.7320952381
5NPEF4JA2LH002455,26917.36666666667
KL7CJNSB3LB055344,23626.79245238095
JN1AZ36A24T011729,12142.84238095238
JT6HF10U3X0016821,5595.834547619048
5TDZK3DC3GS744562,21324.12747619048
3KPC24A64ME128613,28197.124142857137
2CNALDEW3A6353174,12099.229190476191
WBS3U9C51GP969801,41727.769285714276
3MZBPAEMXKM106569,27066.247926406926
YV4A22RK4L1515805,69445.75866666666
SALVD2BG4HH223230,31261.21719047619
1YVHZ8BH1B5M20702,6681.316619047618
KL7CJLSB5LB060145,22831.293380952386
KMHGN4JE7HU191398,36200.297
1C4RJFBG8JC212159,42196.49261904762
JTJHY7AX0H4244071,35987.506380952385
1C4RJFAG5HC889763,27664.83473809524
KMHTC6ADXHU321679,16030.413523809524
1C4RJFBG6LC378358,38004.524190476186
JM3KFBDM8L1820946,31937.41666666667
1C4RJFBG6HC786561,40890.89342857143
KM8R5DHE7MU193371,30307.60616666666
3C6MR5AJXLG230938,55864.100047619046
1GYKPCRS5LZ217984,46537.25238095237
1C4HJXEG0LW348588,47135.043666666665
WAU34AFD3GN011781,29801.899785714286
SALYK2EX8LA284533,44558.17251082251
KM8J3CA46HU428122,18558.30780952381
3FA6P0T99LR263498,54852.53633333334
1C6SRFRT0LN401058,64608.65890476188
LYV402TK4JB173535,37108.04966666667
3VWC57BU7LM078734,54028.506428571425
JTEBU14R150068063,5522.061904761906
WDDWK4KB4HF465311,26669.353904761905
3VWH17AU1HM525343,23298.592428571428
1C6RR7GT5ES396452,37750.203166666666
3FA6P0T90LR228073,56651.3
JTMBK31V086047259,6030.790857142856
JTHBK1GGXF2181065,20681.955571428567
YV4102RK7M1695482,57436.38990692641
5UXJU2C59KLN64788,62631.08128571428
KM8J3CA42HU281717,20514.69314285714
1C6RR7KT8ES331652,25460.418793650795
WDDZF4KB7HA160352,30319.484714285707
1C4NJDEB5GD546199,13954.652452380953
5UXKR0C35H0V84538,24280.862428571432
1GBGSBFE9B8136529,5897.428142857143
2C4RC1EG6JR235696,23848.043857142857
3KPF54AD1LE209778,23190.029222222223
5FNYF6H33GB044802,18485.949269841272
5UXFG2C59DL782911,18308.356095238094
SALZP2FX7LH079183,54825.98166666666
5NPEL4JA1LH054667,29092.951238095244
KM8J3CAL2LU194755,26037.63123809524
WBAJE7C3XHG889376,25792.898761904766
KM8K2CAA7LU478646,29759.5675
KMHL24JJ4LA009753,29498.023936507936
WDDZF4JB5KA630032,42158.63666666668
WBAFU9C54CC788016,26703.993412698415
YV4102RK2J1021526,43547.68214285716
WDDTG5CB7GJ200838,47786.731
WBAJE7C51JG891444,24342.807714285715
1GC1KSEY6KF267233,49959.71114285714
3LN6L5FC0HR618281,38255.03809523809
JM3KFBAY7L0847472,37082.73133333333
2T2BK1BA9AC022046,15233.791904761905
3LN6L5F91LR620926,44253.54530952381
1J4BA7H15BL602982,10915.634333333333
1GCVKREC8GZ417380,34803.46226190476
2LMPJ8KPXLBL14827,75160.8959047619
5UXKU6C54J0Z66682,57246.007333333335
5XXG24J29MG005895,24396.298460317463
3LN6L5F96LR619528,41629.99825396825
KM8J3CAL3LU184736,26320.954904761908
4S3BNBC6XG3029035,18563.49752380953
YV4102XK8J1212256,38568.928214285705
WBAJE7C3XHG890155,26029.602095238097
SALZP2FX8LH067236,54055.002238095236
JM3KFBBM0L0808833,31834.55166666667
55SWF4KB5HU191330,23684.251666666663
KNDPMCAC3H7299399,21264.68138095238
KNDJ23AU3M7739670,26783.0491904762
WDDZF4KB8HA070322,26059.979333333333
3C4NJDCB7HT627798,19248.37566666667
ML32F4FJ6LHF08970,20063.11085714286
WDCTG4GB3JJ427718,21615.755783549786
5NPD84LF4HH023636,16032.805047619047
3KPF24ADXKE027021,18268.441047619046
1GNERFKW7LJ240216,33315.700380952374
1VWBP7A34DC101730,11356.815666666667
1G1JA6SG6F4185325,13442.525380952382
3MZBPABL4KM107969,31668.26333333333
WBS8M9C35H5G86161,38785.56685714286
2GNAXSEV7L6265680,26375.841666666664
2HKYF18595H515208,8442.950333333336
JF1SG66698H700363,3454.842047619047
JM3KE4CY3F0472888,16853.640984126985
JA4AR3AU8KU020550,19052.216619047624
JM1CR29L390330319,8721.25169047619
1GCVKREHXHZ390146,35318.70645454546
JA4AR3AU7KU024329,24398.31033333333
1FAFP24176G102860,5701.975333333333
WBAVB13596PT07189,4666.52988095238
55SWF8EB7KU318430,42118.38866666667
1C4RDJDG8HC758302,51293.68666666667
YV4102RK9M1681650,57436.38990692641
1GTG6EEN6J1218521,65802.03976190476
5UXKU2C32H0X46944,30635.780619047626
1GNKVGKDXHJ220231,19313.13293650794
1GCUYDED8KZ174068,45930.99195238096
KMHC65LC1LU210615,27066.946809523808
5NPEF4JA8LH056164,27194.70890476191
2FMPK4J92HBB61453,35942.93761904762
1C4RJFAG6HC618596,33084.2760952381
WDDHF8JB1EA835452,22547.42804761905
JA4AR3AU9KU024400,19052.216619047624
1FTZR15E81PA94788,5520.674047619049
2LMDJ8JK6EBL00225,24074.800952380945
5LMCJ1D90LUL23723,41927.3589047619
1G6DU5RK1L0118699,58755.86938095239
3MEHM0JG6AR635470,6384.554064935065
ZACCJBCB1HPF75247,21922.28166666667
1FTFW1EF6HKE41787,35741.36233333333
1HGCP2F38AA115335,10642.938904761904
1C4RJFBGXHC761338,25489.618126984125
1GYKNDRS2HZ103315,34185.991
KM8J3CA42HU438145,17776.046142857143
WDBUF87X78B333022,10289.176428571429
5NPEB4AC3DH553721,9706.043904761904
NM0LS6E23L1453514,26562.742285714285
1G6DF5E59C0142842,15083.585428571427
55SWF4KB5JU252942,22311.35764285714
2FMGK5C82DBD17995,13902.75733333333
2C3CDXJGXLH147453,39026.00695238095
3N1AB7APXHY349061,13351.100047619051
KM8J3CA48LU280676,25426.907047619043
WBAJB9C55JB035968,48094.465166666654
2LMPJ8KPXLBL00409,60535.85728571428
3GNKBKRS0KS573390,29269.347166666666
5NPD74LF0HH154856,12652.178428571428
2LMPJ8KP2LBL07709,54945.52407142858
JN8AZ2NCXH9430106,43011.1590952381
1FMCU0HD1JUA62618,22369.65774603175
JM1BPACL0L1174939,26028.36576190476
1C4RDJDG1HC697021,27474.570714285714
5UXKR0C59E0K47917,25651.402095238096
JTHBF30GX30131414,2874.5105000000003
JM1DKFB73L1474127,31768.23142857144
JM3TCBEYXL0423792,54173.486714285704
KMHTH6AB0KU011693,35589.409047619054
5XYPGDA39LG702570,28877.45873809523
JNKCV51FX5M306023,3260.9430000000007
3GNAXHEV3LS717306,24818.764333333336
5NPE34AF1GH292147,14294.102000000003
1GC1KSEY7KF248576,43718.10447619047
1C6SRFLT9LN221151,86252.42361904761
1C6SRFFT8KN667740,51445.13022222223
1J4GL58K12W158611,10814.772690476191
1HGCM82613A023014,3086.593904761905
JM3KFBBL8H0103714,21170.200999999997
2HGFC1E50JH705262,26099.260547619047
4T1C11BK3LU010206,35550.92212698412
1HGCM72745A013549,4055.1336666666666
JM3KFBDL9H0183649,24171.295333333335
JM3KFBCL7H0149596,21255.468222222218
KNAFX4A89F5376027,10604.091833333334
2GKFLTE32D6290488,25470.377
KM8J3CAL5LU187007,26338.091238095236
KNDMB5C13H6249317,15462.496952380952
1GNSKCKC9HR353153,31779.305666666667
WDDUG6EB7JA346736,43689.082761904756
1GYKPGRS6LZ204541,58221.69678571429
KM8SMDHF3HU224862,35935.75633333333
JTMBF35VX95007275,7639.8872142857135
JH4CU2F68CC030812,12901.85904761905
3FA6P0LU1KR106793,28783.814333333336
WDDHF8JB4EA864900,25706.77166666666
JTHFN48Y020001194,9862.583666666667
KM8J3CAL6LU239180,28102.14952380952
2C3CDZFJ9GH337816,45132.15502380952
JTDKARFU4G3521297,18796.77261904762
2CTALBEW9A6386497,11349.835309523813
2D4FV47V97H703657,11141.637619047619
JN1BY1AR9DM600733,14649.071666666665
1C4RDJDG2JC146103,43683.31238095238
1GNERGKW5LJ180779,46721.985047619055
3GNCJKSBXHL271299,16535.618666666665
1J4GA59168L647544,17683.619571428568
YV4102RK3M1681658,57436.38990692641
JM3KFBCM0L0838123,31908.221666666668
KL7CJNSB8LB061804,22767.094333333334
3N1CE2CP6FL354302,16033.436904761904
WBS6J9C37HD934851,72381.73352380953
1C4PJMDB8HW665915,18830.499238095235
KNDPNCAC6M7858242,28442.591190476192
KMHDH4AE2BU100944,5425.534333333333
MAJ6S3GL1LC356441,42776.99533333333
YV4102RL5M1682206,57774.619906926404
WDDJK7DA8DF011105,50984.764500000005
1C4SDJCT7LC130773,57975.98692857144
YS3ED49A843011998,4724.453119047619
5XXGT4L37JG189457,15034.900142857141
3C4NJDBB9LT203730,25797.264603174597
KNMAT2MV2GP651614,14292.173238095238
KNDJ23AU4L7058058,24688.727428571434
5YFBURHE1KP944688,12172.177738095237
2C3CDXJG2HH505474,42093.96092857143
5NPE34AF6HH480552,20489.321047619047
MAJ6S3JLXLC329540,32786.511
1FAHP35N68W145210,3638.728333333333
KNDPMCAC2H7220854,19507.67223809524
KNDJN2A20H7441812,13872.129785714287
1GCVKREH4JZ336184,32133.082833333334
1C4RDJAG1LC353069,50140.57633333334
KM8K6CAA6JU129270,21950.516142857145
SALSH234X9A203246,16868.036380952384
5NPEF4JA1LH005959,26225.770500000002
WDDUG6EB6JA346548,46260.07434920635
1GNEVHKW4JJ117798,28793.957880952385
YV4A221K6M1671941,68641.61316666668
WDDZF4KB9HA071401,20600.811571428567
5NPEF4JA7LH037878,28011.243142857147
WAUDH74F08N040950,8956.714
5NPDH4AE8GH685115,11994.737809523807
2C3CDZAG7LH174427,52067.24526190476
1C4BJWDG7GL305651,36361.24897619048
5NPE24AF4HH589594,27073.679714285714
KM8J3CAL8MU302314,34892.814190476194
3MVDMBBL7LM138773,40769.775904761904
KM8J3CAL7LU276349,34568.48785714286
SJKCH5CP9HA035487,20678.74633333333
55SWF4KB0HU229840,23244.270666666664
KMHD84LF2JU583792,13561.645015873017
KM8J3CA45HU527630,23382.11652380952
3GNAXUEV5LS710902,29148.609
1FMJK2AT1KEA51155,65565.21328571427
WDCTG4GB4JJ429025,21605.065857142858
1G1BE5SM1H7138472,15140.728809523813
1GYKNBRS9HZ242443,39011.36338095238
1G1FF1R74J0107657,45843.877
3LN6L5F91LR622661,40772.86783333333
JM3KFBDM9L0843741,31988.096666666668
4JGDF6EE6HA785665,39785.8045
2T3BF4DV7BW083235,7420.766666666667
1C4RJFAG4DC592168,23730.596000000005
LYV402TK3JB159870,36888.064666666665
2FMPK3G99LBA95039,37051.47695238095
KNDPMCAC1L7794175,28990.9619047619
YV4A22PK1L1615959,60443.12016666666
55SWF4JBXHU211833,26031.714333333326
JM1BM1K70G1341111,19322.997333333333
WVWAK73C56P025294,5799.220666666666
3GCUYDED9LG386155,48067.610142857164
4T1BF1FK8GU207529,15266.70469047619
5N1AT2MV6HC885064,22045.074333333338
WA1DKAFP7CA090908,23250.969936507936
3KPF24AD7LE223791,23053.140650793648
1GCGTDEN1J1306671,43813.85540476192
1FTEW1EF9HFC92652,42845.334476190474
JF1GG616X7H813878,5286.52757142857
2T3K1RFV5LC081334,32784.3273015873
KMHDU46D48U283638,5530.143666666667
5LMJJ2LT6LEL15114,87545.02133333332
KM8J3CA24HU411012,25074.426714285713
1C4NJDEB1HD127235,18769.04061904762
1FBZX2CM3KKA31168,35374.322
1G6KB5RS0LU107845,53491.92226190475
5FRYD4H4XGB001124,22738.285999999996
KNDPRCA62M7850900,35274.885714285716
1GNSKHKC1KR285337,42402.167063492074
JTDKARFP2H3044851,31430.317047619043
5NPEH4J25LH041141,31746.374666666674
WDDHF5KB3EB006695,19739.128380952377
3LN6L5F93LR616263,41774.193380952376
WBA5B3C57FD542347,20246.931761904765
WAUFFAFC3HN009299,49459.2055
YV4102RK4M1681653,57731.34990692641
KL7CJPSB5LB066275,23147.70466666667
5J6RM4H72EL079692,17770.94357142857
3VWDB7AJ3HM385927,15078.741571428573
WBS6E9C55HG437351,74578.8345238095
ZFBHRFAB8L6R93814,29487.39979365079
1C6RR7MT9HS547141,43035.071690476194
WDBNG70J1YA076348,5147.59880952381
1GNERHKW5JJ140463,28490.5580952381
WBA5B3C55GG259266,14120.403238095238
KM8J3CAL8LU222817,26322.0585952381
5NPEJ4J28LH024175,38820.15766666667
3C6UR5FL9LG226910,54497.66004761904
3GNAXUEV6LS717440,29010.030190476187
1GYKPDRS3LZ228200,62041.38564285713
1C4PJMBB9HW632182,19991.44197619048
MAJ6S3GL7LC355228,43845.89233333334
2HGEJ6677TH519073,3232.888595238095
WA1LHAF75HD055493,37274.193999999996
5UXWX9C38H0T25005,28814.83038095239
KMHC65LC0LU200903,29162.98222222222
2G61M5S3XJ9141102,27966.678952380946
1GYS4JEF9ER249085,39296.11833333334
JM1BL1VP5D1800806,15622.800904761902
KM8SMDHF5HU256843,35106.79066666667
KNDCC3LG4K5009935,29824.310809523813
5NPEF4JA6LH056048,27194.70890476191
2HGFC2F56GH544588,11324.863555555556
3GNAXKEVXKS620812,21268.684523809523
1C4RJFAG6JC148690,49486.36657142856
1GKKNULS8JZ116675,31681.951698412697
ZAM45KMA8B0055179,29025.402000000002
2C4RC1BG4HR803653,22631.536952380957
KM8J3CAL0LU225209,34520.387857142865
1GKS2GKC3LR262652,46612.74933333335
WDC0G4KB1GF094747,20631.949095238095
1FTEW1EP0HFC10316,46955.2575
1C4RJFBG8HC948819,30555.970666666664
5LMCJ3D90HUL68079,26096.20495238095
JM3KFBCL6H0173601,22595.630000000005
1GKS2GKC6KR158736,46866.94266666668
WUASUAFG5BN002374,32960.784809523815
5XXGT4L38GG110032,14240.662523809522
5NPD84LFXLH506721,39270.438833333326
5NPD84LF3HH064212,16672.518476190475
LYV402TM1HB153643,42179.27895238096
19XFB2F58FE292547,17267.792857142857
JN8AS5MVXAW109859,4978.080874458875
WP1AA2A20ELA92650,41949.11552380951
5XYPGDA38HG285370,17473.546666666665
3C4NJDCB6LT124143,26394.549714285713
2G1WB58K469437224,5406.797341991343
KMHGN4JE4GU112994,20673.018952380957
WDDZF6EB0HA194592,42092.8
5NPE24AF1KH769607,26829.723999999995
KL7CJPSB0LB064837,23160.726666666666
5NMS3CAD1LH251679,32406.482333333333
2C4RC1GG9CR162209,5344.90619047619
1VWCP7A31CC066700,8750.906142857144
1HGCR2F87DA170787,10812.412460317459
5XXGU4L34JG271739,17226.07742857143
5NPEF4JA9LH029152,26685.246500000005
1C6RR7UT3GS303628,43271.518404761904
KM8J3CA21HU294036,20725.00438095238
1HGCP26349A069210,6354.323809523808
1GNSKHKC3KR197504,43434.64407936509
1GCVKPEC1HZ392537,48981.368595238106
5NPD84LF5KH405892,13247.810666666666
JM3KFBDM0L1819998,31937.41666666667
3KPF24AD1LE224208,24815.928555555558
1FTEW1E54KKF20966,36651.27871428571
5LMJJ3JT5KEL05858,68003.94219047618
1C4RJFCG8HC949323,31751.506333333335
KL7CJLSB1JB655622,19374.894809523812
1GYKPDRS0LZ208597,58032.895642857155
KM8J2CA40LU207725,34653.2511904762
WAUDF48H99K011854,12745.525428571429
KNDCB3LC8L5422118,25361.05733333333
JN8AS5MV6FW763782,16245.001857142859
KM8J3CAL3LU197051,26021.616238095237
1FM5K8GT9GGD20025,39387.18257142857
5NPE34AB4JH666478,33010.385
5NPE34AF9HH506979,17611.991142857143
5NPE34AF5JH672311,23433.399380952374
2C3CCARG2LH180886,36709.23461904762
JM3KFBCM0L0827302,31937.41666666667
VNKKTUD37HA074198,8534.256047619047
1GNFK36379R190077,10429.262666666666
1FT7W2BT1HEE75915,46998.38547619046
5NPD84LF5LH605396,26008.38285714286
19XFC2F73HE226568,14178.630476190476
1GKKVSKD7EJ221803,17239.56958730159
5XXGT4L3XKG290235,16926.311904761904
3G1BE6SM0HS512285,14639.86542857143
3KPFK4A76JE270091,16172.959761904764
2GCVKREC6J1108622,38815.5261904762
YV4A22PL5L1614113,60443.12016666666
JN1BY1PR2HM210571,33276.68364285715
JTDBL40E79J045429,3647.4640476190475
1J8HR58217C572210,6936.953333333331
3KPF24AD0LE245051,22908.407238095235
5NPE34AF0GH327700,14999.863238095233
3MZBPABL3KM107929,28036.416140692643
3GKALMEV8LL270581,28047.6781904762
1GKS2HKJ9GR389691,35726.80333333334
JM3KFBDM2L0843872,32453.57666666667
WDDZF4KB5HA033406,21991.34154761905
5NPEB4AC3EH826951,15078.937619047616
3LN6L5F92JR609592,29124.465904761906
1C4BJWDG2HL503796,27042.113857142856
SALGS2SE4LA576937,105108.11219047617
5NPE24AF9HH438010,10054.232357142857
JTDKN3DUXA1299372,15193.67611255411
2GNAXKEV8L6226144,27430.334333333336
5XXGU4L30GG099220,14355.71476190476
KMHRB8A33LU014931,24997.85642857143
1GNSKHKC0LR112040,46746.483285714276
1GNSKHKC5KR300972,42184.15773015874
JM1BK12F551293521,4942.138603174603
1G11B5SL9FF353760,11020.888119047619
1G1ZC5ST6HF144995,12101.536071428569
3FA6P0HD8LR180335,25332.62238095238
WAUENAF46JA025792,31596.122730158724
YV4102RK1L1535869,52742.74802380953
2LMPJ8KP9LBL05827,64136.31738095237
5XXGT4L39KG278741,16907.50857142857
KM8K5CA54LU488643,30722.324404761905
WBXHT3C37H5F85097,29173.014952380956
2C3CDZGG3JH217357,44847.31694444445
KNDMB5C13M6673686,32221.455952380955
1FTEW1EF2HFA49085,39978.73066666667
WDDSJ4GB1GN379825,15089.836333333335
KM8J3CA43LU280827,25627.909809523808
3LN6L5B91LR612508,42293.067904761905
1C4SDJCT6EC383439,22818.61957142858
KM8J2CA46JU820087,17199.480476190474
2LMPJ8K95LBL22075,54137.05816666666
5J6RE48538L008629,6011.026111111111
1FTEW1E5XKKD99814,56992.76383333333
SALCM2GX5LH836269,49565.175880952396
1C6RR7KT7HS733599,44579.65800000001
WDCYC7DF7EX227468,56144.06609523809
WDC0G4KB2JV068882,35948.058880952376
5XYPGDA36GG155750,17714.879666666668
1FTFW1ET4EFA80232,35381.8461904762
3MZBM1U74GM304270,15898.416476190474
3N6CM0KNXFK729132,10567.54
YV4A22PL9M1672338,72161.77661904762
WA1LFAFP8FA115562,25027.770285714287
5GAKVBKD7EJ184300,20675.099595238094
WAUFFAFC2JN050187,48526.28619047621
4JGDF6EE7HA914397,65803.555
1C4RDJDG0HC713712,34503.87500000001
3KPF24AD7LE245239,22908.407238095235
1N6AD0EV0DN710079,22334.64952380952
JM3KFBDL2H0171908,21916.81322222222
3KPFL4A70HE103619,10750.294857142857
5NPEF4JAXLH007208,26178.810500000003
4JGFB5KB7LA022796,69503.12852380953
5NPD74LF7LH554955,14150.934500000001
2C3CDXJG8LH128657,43548.794714285716
MAJ6S3KL8LC312556,42250.15866666667
1FMCU9J95FUB15449,17300.272904761903
3TMCZ5ANXHM078868,46676.07371428572
WBA4C9C57FD331080,23139.263206349206
1FA6P8JZ9J5501349,29583.835095238093
1C4RJFDJ6JC212766,49878.79361904762
5XXGN4A79EG331569,13581.238738095239
LVY102MKXKP081071,45019.051166666664
JN1AJ0HR4AM754276,9323.927285714284
4JGDF6EE8HA802613,42185.73152380952
1FTFW1EGXGFD04643,36955.32692857143
KM8J2CA44LU212099,34776.69785714286
1J4GR48K25C565853,7670.395111111112
1FA6P8TH4H5275347,29084.48299999999
1FTEX1EF9GKE51821,25581.631666666668
5FNYF6H05HB073404,27476.186095238096
2C4RC1BG0JR103750,32385.16166666666
3GNAXLEX9LS605307,30493.09400000001
5NPEF4JA5LH058311,27080.229999999996
1C4BJWEG8FL500915,31561.14338095238
1HGCS1A73CA023927,6650.735333333333
1C6JJTBG8ML502828,48585.82204761905
YV4102RK8M1685060,57774.619906926404
1C4BJWEG5DL590084,24969.24561904762
1GT49REY3LF116420,58964.54361904762
KMHRC8A34LU033694,23692.571047619054
1C4SDJCT4LC411672,53619.147333333334
5LMCJ1D97LUL23489,40977.69866666667
5XYP5DHC2MG104379,39597.387357142856
SJAAM2ZV4KC026008,59911.105666666655
1J8HG48K38C178094,8444.616285714286
3GNAXKEV7LL282376,27679.060666666668
KM8J3CAL1LU241645,25883.58607936508
3VWYT7AU6GM011643,20726.382595238094
2LMPJ8LR9HBL39712,43125.416047619045
3VW4T7AJ6GM344767,22888.089746031746
WAUCKAFR6AA072218,9867.126500000002
JM1DKFD70J0313976,22540.157428571434
KMHD74LF5HU191743,11836.47559523809
1FTEW1EP1JKD74879,62408.910761904765
1GYS4BKJ7HR175524,44165.665809523816
5LMCJ2D9XHUL69895,25657.766428571427
55SWF6EB2HU190787,47551.57527777778
1C4SDJCT2LC187074,40661.54666666666
2LMPJ8KP7LBL18575,78693.784
19UUB2F69JA013345,46767.151333333335
3GNAXSEV1LS710884,26486.344666666668
KM8J3CA49LU280718,25879.828346320344
5LMCJ1D98LUL26546,41621.63066666667
1GNEVGKWXJJ137337,28691.760380952383
1G6DF5RL8L0147541,50059.34792857143
WBA7F2C53JG424455,47526.66823809524
1C4RJFCG5HC655412,42296.286190476196
1C4BJWEG8CL103085,22952.379095238102
1GTU9FED3KZ130102,46595.150714285715
1C4RJFAGXDC633757,23208.532904761905
1GYKPCRS2LZ103425,37346.70333333334
1GCGTDEN4H1181837,30882.40604761905
1N4AL3AP8FC146037,16767.667333333335
4JGCB6FB3AA102113,10390.501333333334
1C4BJWEG0DL563259,22234.389571428575
KM8J3CA43HU491811,21679.086238095235
1C4RJFBGXFC775625,22783.085333333333
1VWDT7A34HC066374,22431.162
2GNFLEEK7E6308152,15056.017190476192
2GNAXUEV0L6198304,28343.986095238095
WP0AA2A71CL019782,16542.898761904762
1C4BJWDG6HL656830,41833.44811904762
KNDPMCAC3H7074481,16632.978761904764
JM1DKFC72K1447661,26776.129000000004
JM3KFBDM7L0841308,29266.241666666665
1HGCR2F32HA198196,21381.303904761906
3GNAXUEV2LL285746,27927.809619047617
3LN6L5KU5HR663957,17953.830619047618
1C4RJFCGXJC166963,28952.362999999994
1C4RDJDG1HC717901,49414.94902380954
1C4BJWFGXJL874093,45172.59416666666
KMHC75LC2LU200737,29564.32838095238
5NPEH4J20LH047638,32032.79833333334
3KPFK4A75HE136277,12915.428952380955
1GNSKJKCXGR459310,33216.464476190486
1C4RJFBG2LC445182,48731.0089047619
1GCVKREH1HZ298858,35045.079928571424
1C4PJMDX0LD568241,34987.30938095238
JTMK1RFV7LD060626,32473.111523809523
4S3GTAA67J3747545,22514.334952380956
5UXXW3C51F0M86752,22612.069190476188
WAUC4AF49JA002243,43090.27433333333
5NPD74LF0LH609097,24034.288142857145
1C4RJFBG9LC290548,38117.38052380952
2C4RC1GG4HR772154,31451.078785714282
3GNAXKEV8LS710896,27017.464
1FTEW1E55JFE27056,58540.505190476186
5LM5J7XC2LGL30027,86463.40466666667
1G6KD57Y98U111448,11880.442333333332
1C4RJFBG5KC799289,38154.46333333333
1HGCR2F82DA071679,6659.586571428571
3VWEB7BU8LM069803,27820.61350793651
5NPD84LF1KH421409,12827.278999999997
KM8J3CA42HU456287,19670.410746031746
4T1G11AK0LU352358,27308.86193650793
1G4HD57247U212233,6685.888333333333
KNDPNCAC2L7830601,29386.31276190476
1FTEW1E47KFB73200,81536.07085714285
1LN6L9NP0L5604582,65103.97438095237
5UXKR0C50J0X91605,24342.78030735931
JTHCK262192028014,6709.331095238095
JTMBD31V876031433,10276.598333333332
3GKALTEVXLL301372,31060.18061904762
1GNERFKW9LJ275825,33104.3399047619
WAUENAF48HN026428,30696.107952380953
JM3KFBCM1L0849177,33029.56666666667
5NPD84LF9HH181289,12238.52753968254
KNDPMCAC2M7848374,32424.035
KNDMB5C12J6355702,18531.76452380952
KNDPBCAC6E7617209,13625.634976190473
3C4NJDBB7MT516261,26212.281888888883
1C4RJFBG0FC698926,24939.162079365076
YV4162UK7L2253882,58596.60766666668
3GNAXUEV8LS704074,27809.084190476184
1FM5K8B87JGB44800,25360.005285714284
3KPA25AD3LE329039,32536.832666666676
3GKGK16F6XG531658,3515.962841269842
5NPEH4J29LH035276,30754.833714285716
2A4GP54L17R156313,4860.951333333333
WDDJK7DA9DF001506,39318.525380952386
1C6SRFFT4LN407532,51698.439071428584
2C3CDZC97LH125100,54433.63304761905
5N1DL0MMXHC521626,36817.38495238096
1FT8W3DT6HED81598,50364.93514285713
KNDPMCAC4L7706882,29055.249761904768
JN1BJ0RR6GM265020,33873.49119047619
SADFP2FX8L1Z86869,56199.74304761905
WP1AB2A21DLA86433,39660.477666666666
KM8J3CAL7LU161265,27561.40752380952
5FNRL5H28EB009961,9652.498285714284
3C4NJDBB5KT599511,24499.03416666666
5NPDH4AE3GH746418,12604.226761904762
ZACNJBBB4LPL74409,28404.132888888886
2A8HR54P48R675325,8963.767333333331
MAJ3S2KEXLC377200,26590.61333333333
KNAE45LC7K6059668,32732.863380952374
1C4RJFBG5JC357675,31999.230203463198
1HGCS2B89CA007499,12050.407714285713
JM3KFBCL5H0211545,22912.742666666665
KM8J3CA48LU253266,25192.03895238095
19UUB3F65KA000356,48072.05438095237
2GKFLTE36H6281427,37518.89461904762
MAJ3S2FE1LC377242,25666.086047619046
1C4RJFBG8LC444618,45128.181119047615
5XYZKDAG5CG153685,14623.004619047617
1G1BE5SMXH7241633,20391.659
KL7CJPSB8LB048126,23116.603714285713
SALZP2FX9LH090489,47727.113523809516
3TYSX5EN7LT002985,48796.92960317459
5N1AR2MM4FC660077,24595.819476190474
1C4RJFBG0LC209453,44897.828325396826
5TDBT44AX1S056150,4655.371309523809
5NPEF4JA3LH033018,29384.514142857148
3FA6P0HD2LR165829,25375.336047619046
5XXGM4A79FG481038,14552.20735714285
1LN6L9VK2L5603132,42668.97845238095
1FMHK8D80BGA21254,7726.23761904762
WA1ECCFS7JR021054,25150.568119047624
3MVDMBEM7LM123484,41434.490904761915
ZACNJBAB8KPK26781,27535.474523809524
2T1BU4EEXAC251723,6439.185214285714
3LN6L5F90LR620870,40478.14659523808
KM8K5CA50LU531200,31723.045238095234
KNADM5A37F6423172,13492.732690476194
WDCTG4GB6FJ039843,20659.702666666668
1HGCM56634A115980,3550.4796666666666
1C4RDJAGXLC142629,44628.27461904763
1FMCU9GD9HUC70651,27988.83938095238
3GNCJNSB1LL182697,22095.24585714286
1GAZGPFG0J1327566,33311.536833333324
KMHTG6AF3LU027197,22277.75395238095
MAJ6S3FLXLC355693,27232.695999999996
3C4NJDBB4LT122358,30303.170357142855
KM8K5CA54MU627381,35034.69985714285
5LM5J7XC5LGL31639,88201.16295238097
1C4RJFAG9CC350927,25005.553412698413
WP1AB2A59KLB30945,68656.03433333333
JM3KFBCM2L0793878,31881.42033333333
4JGDA6EB1HA971442,42287.876833333336
KNDPRCA66M7851483,35274.885714285716
KM8J3CAL3LU257085,28376.33033333333
5UXKU2C52J0X49589,23925.49076190476
1FM5K8GT9JGC78155,47406.273666666675
2C3CDXL91JH247047,85678.74733333332
2T2BK1BA5DC219901,19592.739333333335
5LMCJ2D97LUL19240,49440.56604761906
5FNYF48489B003856,10095.301333333335
5NPEH4J28LH022308,30346.02477489178
KM8J3CAL0LU266004,28193.485333333338
5NPDH4AE3EH540772,9462.714095238096
KNDERCAA7M7120184,29966.694174603177
5NPEG4JA2LH058327,29794.208904761905
SALVP2BG8HH259977,35470.94247619048
2C3CDXJG4LH156293,41790.60661904763
5NPEG4JA9LH025924,26308.569499999998
1GKS2CKJ4HR213538,42218.53255555557
1G6DS5EDXB0116896,17467.65707936508
1C4RJFAG8LC335335,47040.72628571429
KM8J3CA48LU252621,25231.990714285712
JN1BY1AR2GM270552,26306.09719047619
KM8JTCAF5FU960850,16042.989746031748
5NPE34AF2JH596532,24825.699904761903
1HGCP2F34CA128358,6760.263968253969
2C3CDZJG0LH178027,56901.55511111111
JM3KFBDM1L1851780,33088.76533333334
5NPEF4JA3LH057349,26919.3160952381
3FA6P0HDXLR245881,23669.27661904762
2GNFLEEK9D6183850,13786.308222222222
KM8K5CA56LU449889,31273.68785714286
2FMDK3JC9DBB50453,13279.125285714284
1FTFW1EG8GFD04723,37088.93621428571
1FMCU0GD3HUE14934,21310.91974603175
JM1GJ1W69E1161199,13503.724666666669
WBAJA9C56JB252397,48396.10371428572
2C3CDXBG1KH628253,29489.431227272722
5LMCJ1D97LUL23685,41798.931047619044
WBAJB9C50JB036526,36839.21657142857
1FMCU9GD4HUD71337,27578.224999999995
3LN6L5F90LR614681,42633.1435
5NPEF4JA9LH044783,28025.801285714282
JF2SHABC3CG424154,7487.643857142858
KNDMB5C13K6551973,23556.24038095238
3LN6L5F96HR643240,28746.246142857144
1G1ZD5ST9JF127126,17470.585
2LMPJ8KP2LBL13039,62330.11328571427
KMHFC46F56A131573,9214.349523809524
3KPF24AD6LE231560,25009.62546031746
WBANN73577CN04560,6053.1799999999985
KNDJ23AU3L7003374,19971.52623809524
2C3CDXBG4CH178616,16865.35111904762
KMHD84LF3HU369047,16382.694809523811
5UXCW2C56KL087255,48233.67638095239
JM3TB38V690180646,16247.871476190478
JM3KFBCM1L1821163,31937.41666666667
1G6AL5SX5G0112924,22207.237904761903
3C4NJDBB4LT100294,26260.075047619048
1GNKVGKD7HJ224009,19783.265095238097
5NPD84LF3LH585455,26192.18242857143
KNDP6CAC7L7827285,27536.714166666665
YV1RH592262503411,8368.551999999998
WA1A4BFY0J2015261,44715.770809523805
1FMCU9J92HUE91786,29517.45548917749
1G6DT5RK8L0124485,53949.39628571429
JTDKAMFU2M3129840,29203.422380952383
3GCNYAEF2LG222492,41039.425904761905
2HNYD28418H500194,18803.64947619048
1FTFW1E63DFD12134,28656.285714285725
1C4RJFAG6GC303425,34965.292333333346
3FA6P0HD6LR164652,25064.529380952372
2G1FB1E3XF9231542,21120.57376190476
2HGFC2F50HH549433,13008.795222222223
JTHCL5EF1E5022497,21902.416523809527
2C3CDXCT9HH644544,37814.787000000004
KM8J3CA20HU384732,28802.737142857135
4T1BE32KX4U356945,5885.4163333333345
3C6UR5FL0LG244907,55858.466380952384
YV4102RL8M1682197,57774.619906926404
YV4162UL6M2408917,57250.56107142858
2C4RC1BG8KR650525,24327.215333333326
5NMS2CAD6KH096712,28130.2445
JM1DKFB7XJ0306133,26562.838666666677
WBAJA7C39HWA70539,27388.10442857143
5N1AR2MM5DC674597,13635.932460317463
JM3KFBCM0L0823878,32986.07357142858
3LN6L5F9XLR621623,40394.10361904762
4JGDA5HB5GA795077,27186.98595238095
1C4RJFBG1LC444704,49388.53099999999
5UXWX9C56F0D50891,23190.249206349206
3N1AB7AP1FY316625,9650.46138095238
KM8J3CA44LU194006,34648.75285714286
5NPE34AF5HH586149,19678.556904761906
3N1AB7AP7KY290185,11513.331793650788
1FMCU9G65LUB89351,33635.183333333334
5N1AT2MV4HC891459,13455.253904761907
WVGBV7AX0GW594963,24231.98538888889
2GNAXSEV6L6265928,26339.142666666667
JM3KFBCM3K0540812,17087.094619047617
1GKKVTED6CJ387955,16425.972714285712
WDDHF8JBXGB218192,20485.93533333333
JM1BK344481132430,6992.76480952381
5NPEF4JA5LH039466,29256.199261904763
2LMPJ8J99LBL21223,47776.56173809524
KM8J3CAL6LU161340,26734.369571428568
WDBRF61J65A685394,3113.535952380952
WBAJA7C36HG903768,25677.916190476193
2LMPJ8KP6LBL20088,78693.784
3C6UR5DL5LG115189,52709.35071428571
5N1AT2MV1EC751994,11527.03888888889
5XXGU4L32JG209143,15098.144999999997
2LMPJ9JP0LBL00412,58361.07564285715
1FMCU9GX5GUB49771,16144.594683982687
KM8J3CA43HU539212,20169.91185714286
YV4102RL3M1685380,57774.619906926404
WBA5M4C30HD187121,25763.094761904762
MAJ6S3JL4LC385196,27425.819095238094
1C4HJXEG1LW348549,46701.513
2LMPJ8K94LBL13058,51570.36314285714
2G11Z5S32K9161742,29527.121500000005
1N6AD0CW4BC437247,14840.424285714284
1GYFZCR48KF111719,31678.613333333346
3LN6L5B91LR610614,41205.812333333335
1GNSKHKC9JR204972,34234.50038095237
KNDJP3AE3H7024713,4342.000880952381
3GNAXUEV5LS671177,28871.10604761905
5UXKR0C55H0U55409,25889.242666666665
5NPEF4JA3LH006658,29429.426428571427
YV4A22PK4J1363069,47011.56347619047
YV449MRRXH2188989,41936.42861904761
1C4RJFBGXLC444510,49383.5379047619
2C3CDXGJ5LH212356,49511.79792857144
7FARW2H56KE034910,26595.832071428573
KM8J3CAL4LU216397,27928.86885714286
JM1NDAM76L0415951,49994.73944444444
5FNRL5H95GB067848,14613.077380952382
KM8JUCAC1CU456617,14432.780452380954
3FA6P0HD9LR224696,25547.50852380952
KNDPNCAC2L7700155,29217.814238095238
KM8K5CA52MU611082,34901.353190476184
1FMCU9G67LUB98262,33572.88333333333
3LN6L5C95HR643976,27101.43895238095
YV4102RL7M1685303,57774.619906926404
JN1FV7EL2HM702190,33925.454738095235
WBA4W5C52JAA49572,29531.886730158723
YV4A22NL2L1104787,57394.485499999995
1GYKNBR42LZ197856,36169.07761904762
1GYKPDRS2LZ209248,61138.465738095234
WP0AB2A87HS285679,44280.689238095234
1C4BJWDGXFL773906,25371.14098412698
1FTEW1EG9HFC16485,46858.86785714285
1GYKNBRS0KZ221942,33422.314000000006
1C4RJFAG6HC662548,36578.270761904765
KNDPNCAC7M7858170,30526.842380952385
5UXWX9C37H0W74057,36011.84057142858
3GNAXSEV8LS717332,26294.156666666666
YV4A22RL9L1571201,70207.80733333333
KNMAT2MV7JP561883,14357.997785714286
1GKS2GKC7KR181619,43670.4119047619
KNDJ23AUXM7741688,28178.658714285717
1FTEW1EFXHFC63998,43202.88966666667
WAUB4DF53JA036698,37302.138999999996
55SWF4KB5FU001796,18222.724476190473
3FA6P0HD1LR231545,26304.790166666666
5N1AT2MT1KC803991,19441.72857142857
KM8J3CAL0LU199162,35223.676190476195
1C4RJFDJ7HC887486,49741.16261904761
JM3TCBCY0H0134012,25906.676949494948
1VWCN7A39EC070177,25337.92919047618
1J4PR4GK1AC103604,10482.375904761906
5J8TB4H53FL017432,17890.714
1C3CCCDG7GN135586,22714.991880952384
WBA4U9C37H5H64412,22101.051333333333
1FM5K8D84FGC55681,15932.767285714284
2FTRX18LX1CA75497,4734.304166666667
1G1BL8378PW105179,3497.8517142857145
1C4HJWDG1JL878594,33332.09942857142
2HNYD2H26AH516413,9829.909571428572
KM8J3CA46MU294559,25995.91928571428
5NMS3CADXLH259134,34386.447833333325
1C4PJMCB2EW107524,13336.048714285715
5XYPGDA50GG139402,20431.96483333333
1C4RDJDG9LC394741,46077.33495238095
55SWF6EB7GU124847,28313.54966666667
1C6RR7FT6HS612797,48776.374333333326
SADCJ2BN7HA098663,30638.767499999994
JM1DKFC74J0315554,26397.816333333332
YS3FA4CY3B1302548,11725.819333333333
KNDCE3LC0H5038042,20066.082
WAUB8GFF6J1021871,27973.93447619047
1HGCP2F84AA014367,6013.646333333333
1C4PJMDX5KD350746,41699.49566666667
3FA6P0HD0LR251267,24332.075666666664
1GYKNAR41LZ226368,32829.82785714285
YV4102RK5L1521960,53576.30993073593
1C4NJRFB2FD417797,14806.833714285714
JF1VA2M67G9829723,23053.13895238095
KM8R5DHE9LU054843,35348.36364285715
5XYPG4A3XJG366814,22215.780047619046
3MZBN1W33HM144116,18462.479523809525
WBA4J3C54JBB97610,23012.23896969697
WBA3X9C57GD869814,31297.267619047627
5NMS2CAD9LH249570,33782.337166666664
1FTYR2CM1GKB30984,23301.208666666662
WBA6A0C50ED317496,15910.010095238094
3C4PDDBG2GT173195,27860.33104761905
3D7KS26C16G201108,5434.665253968254
2G1WA5EN1A1101619,5984.108333333334
5NPEH4J20LH009746,30842.756904761907
1GYS4BKJ7LR166914,81825.2618095238
3KPC24A64ME128868,26314.523666666668
ZAM57XSA5H1221143,32266.863333333335
3GNKBBRA5LS677222,32668.10361904762
1GYS4CKJ6LR240569,56931.04388095236
KNDMB5C15M6663323,32658.021785714285
1GCVKREC5JZ305269,38935.71145454545
5NPD84LF4HH173925,14242.71353968254
KMHD84LF4LU106980,28042.670714285712
WBA5B3C51GG259281,20096.875928571433
3GNAXHEV9LS700977,26037.559809523813
ZFF77XJA2F0207106,33363.87433333333
YV4A22RK5L1590660,70945.14816666667
JM1FE173350150970,9624.586841269842
WA1LFAFP0EA038636,18509.177285714293
2HGFC2F76JH547161,12016.629619047617
3FA6P0T96LR244925,56219.715
1G1FZ6S05L4121127,31221.59476190476
KNDPMCAC9H7247775,17023.35223809524
KM8J2CA46LU271705,26966.48464285714
JM3KFBBL8H0167073,20302.622555555554
ZFBHRFAB7L6R57466,29891.2236031746
WP1AF2A54FLB48389,34992.71014285714
WP1AG2A50HLB50172,38913.470714285715
5FNRL38736B427054,5278.337714285714
3FA6P0CD2LR205558,25595.504142857142
1FM5K8D82DGB16579,14473.847190476192
YV4A22RK2M1676915,75080.589
1C6SRFFT3LN407487,51278.25707142857
WBA7F2C34HG422836,44032.701357142854
5NMZUDLB3HH014048,16581.112063492066
5NPEF4JA1LH031073,26709.686500000003
1GNKRGKD5HJ344511,25959.209428571427
KM8J3CA44LU252017,25231.990714285712
WP0AA2A7XGL001934,26359.836380952376
WA1DKAFP1CA080083,14538.79676190476
KNDJ23AU9L7726808,25748.1741904762
YV4102RK1M1677026,57774.619906926404
5FNRL18923B030601,4177.495523809523
5LMJJ3LT4LEL16591,85629.71466666668
JF1ZCAC1XH9601339,16679.345000000005
WDC0J4KBXHF253915,27371.001523809526
3VWC17AU4FM509094,8563.18165800866
3FA6P0HD6LR236174,25856.121833333335
KNDPMCACXK7560468,23087.53923809524
JTEBU5JR2K5642616,50916.821190476185
SADCJ2BV4HA881794,36166.64133333334
2C4RDGCG1KR557909,19685.69916666666
WAUFGAFC2GN005370,27865.266666666666
3GNAXKEV2LL256395,27766.52633333333
WAUU2AF24KN018210,56458.39892857143
2C3CCAEG1JH126871,28958.895682539685
3GNAXSEV0LS717325,26294.156666666666
KNDJ23AU4M7739886,25553.234190476196
WBAJE7C59JG891305,32357.389619047623
KNMAT2MV2HP607209,22494.799095238093
JM3KFBDM8L1856989,29258.73333333333
KM8K5CA56LU543772,31840.740619047614
5J8YD4H51HL002270,30695.8155952381
3VWD17AJ1EM235068,10251.070142857143
1C4HJXDN9LW259182,46359.657666666666
KNDPNCAC7M7858220,28284.88304761904
5XXGT4L38KG284739,16531.774571428574
SALWZ2RE6LA742193,102496.6755238095
1G1ZB5STXHF124915,19321.892904761902
WBA3A9C51CF270309,16113.574285714281
WDBRF92H47F878730,5558.503000000001
2C4RC1BGXLR237748,33779.896095238095
3KPA25AD9LE334018,20446.24095238095
3G1BF6SM9HS532435,15787.008666666665
1GKS2GKC0HR218423,35299.21626190476
5NPEF4JAXLH060748,26660.527095238092
2GNAXKEVXL6253572,27743.297333333336
2LMPJ8J97LBL15226,46810.35101010101
5XYPHDA56LG702699,35644.84973809524
YV4A22RL4M1684202,74211.09983333334
1C4HJXDN1MW505157,41078.3020952381
1FADP3F24HL330232,13260.432174603173
5XYPKDA5XHG227356,24206.776071428572
1GCGTCEN0H1141944,33470.97395238096
4JGDF6EEXHA845513,42952.97157142857
5NPD84LF3LH603954,23376.983333333334
KM8J3CA46HU437712,18790.566523809524
3N1CN7APXFL907873,11556.754904761905
1N4AL3AP1HC219882,9856.445666666665
2GKFLVEK2F6213528,16443.89423809524
JM3TCBDY5J0207654,42657.039809523805
1GNKVHKD6HJ334443,26323.902333333328
1C4RJFBG2LC396601,48560.78423809525
WA1VAAF75JD010752,49555.73457142858
1FMCU9J9XKUB89315,26792.772999999994
1C4PJMDX0MD100320,42102.67335714287
2HGFC1F38GH652137,10139.947309523808
1C6JJTBG8LL100631,44660.97945238095
1FT7W2BT2KEF05897,62697.8660952381
JM3KFBCM0L0848795,34033.56976190476
2C4RC1GG8ER196175,12548.026880952382
WAUHGAFC9DN004754,15594.672523809528
SALRG2RV7L2433667,64160.16433333333
KNDCE3LC1H5089775,19098.511333333332
5FNRL38279B010108,5231.170761904763
KM8R4DHE9MU197179,30804.37616666666
2C3CDZGG9LH173142,42231.3002857143
2LMPJ8J90LBL20638,45393.67976190476
5XYPKDA53LG701561,29395.59216666666
KMHDC8AE7CU153811,7891.823825396826
KM8J3CA2XGU115023,29800.374666666663
5XYZUDLBXHG484961,20745.21614285714
2C3CDXJG3LH115119,39773.95228571429
5NPD84LF6LH604533,28390.42461904762
SALZP2FX7LH086957,55463.82588888888
JTMH1RFV5LD059694,35499.22963492063
5UXTS3C52K0Z09908,46197.123666666674
3FA6P0T91HR200192,24296.48685714286
3FA6P0T94LR258984,52063.37674603175
WA1CCAFP9HA034419,58912.451428571425
1GNKRGKD3HJ253527,25000.00266666666
1GCVKREC4HZ208056,37469.97712121213
4JGDF6EE5HA876622,42662.2564047619
KM8J3CAL7LU194346,25917.772071428575
2GNFLEEK0H6284880,15707.880666666666
1C3CCBCG4DN659205,6354.637999999999
KM8K33AGXKU044155,33488.75985714286
YV4SZ592371273337,10754.293666666666
3GNAXHEV2LS680670,25137.536
WAUG8AFC4HN091901,34186.26585714286
3GKALVEV7LL308212,41621.03266666667
5NMS3CAD0LH255688,31924.433571428577
1FADP5AU6JL103649,22027.08647619047
KM8J3CAL1LU198697,26636.98002380953
1C6RR7FG4HS618097,36714.04392857143
3C4NJDBB6LT216662,25549.88646031746
1GNSKCKC0GR256521,22459.821380952377
3CZRU6H75HM702835,16416.154142857144
WDCTG4GB1GJ266116,18379.51204761905
2T1BURHE7FC373942,10851.988333333331
3FA6P0T91LR252348,56219.715
3FA6P0HD2HR362586,24399.90344444444
5XYP5DHC2MG095666,39529.394023809524
1GCGTDEN3J1102423,35986.66828571429
JF1GPAA67E8238283,11966.872428571429
1FMCU0F75JUB47183,10342.97823809524
KM8J3CAL2LU257840,25882.540904761896
KM8K6CAA5LU538511,29309.491
1G1PA5SH3D7117055,6825.302389610391
YV4102PK0K1509569,40958.78647619047
55SWF4KB8HU201283,38066.26666666668
WP0AD2A70DL045220,29749.56333333333
2C3CDXHGXJH169391,25749.305989898992
1GNSKHKC5GR369183,19691.308857142856
5TFBY5F19EX381652,35565.451071428564
1C6SRFRTXKN520380,50357.96188888889
YV4102RK8M1689805,56597.64574025974
5NPEH4J21LH041167,32065.81033333334
5UXKU2C32H0X47141,36172.303
JM3KFBCM5L0825951,33080.885571428575
JM3TCBDY3L0422159,51775.32623809523
5NPD84LF1LH612247,25878.327380952378
1C4GJXAG8LW301732,34933.45319047619
1LN6L9TK8H5608992,40475.05819047618
1GNSKHKC1KR373952,45334.38085714285
1GKS2BKC9LR264666,47454.43766666667
1GTG6CE36F1209635,34442.49161904762
YV4102RLXM1682220,57774.619906926404
1B3EL46X94N205500,3950.311333333333
ZACCJBBT0FPB58130,17450.594825396824
3FAHP0JA5CR434303,7812.428809523808
1FTFW1E84AFA64571,23496.84761904762
2C3CDXGJ2JH289876,51972.59216666666
2LMPJ8KP2LBL14790,62223.5356190476
2HKRW2H5XKH648548,26415.81135714286
WDDHF8JB3GB236582,22433.786761904765
1C4HJXEG6MW512654,42041.78433333334
1FM5K8D85JGA66272,39034.15316666668
3N1AB7AP8HY330878,16858.827285714284
4T1BE30K65U062074,5051.117317460316
3C6TRVNG0LE100284,34902.9631904762
YV4102RL6M1685678,57731.34990692641
WBAXH5C59CDW10369,14002.627380952381
3FA6P0HD5LR219530,25192.13559523809
1G1YP2DW7D5101322,34696.78033333333
WDDDJ72X18A132567,14743.147095238097
ZACCJBAT1GPD79528,18585.704714285715
3N1AB7AP8KL606805,13579.41076190476
1FTEW1EG5HFC70155,50223.41366666666
1FM5K8GT7HGC50381,38234.64383333333
SALCR2FXXKH802667,39416.32623809524
1FAHP56S12A112264,2983.7061904761895
2G1105S30J9108725,15164.175428571423
1GNSKHKC6JR361729,38659.686692640695
1C4PJMLB6LD640808,38980.19161904763
JTNBE46K973062589,7551.668095238097
1N4AA6AP7GC432647,14213.918928571427
MAJ6S3JL4LC337178,27222.64233333333
JM1GL1UM6L1525507,34148.06142857144
3GNAXSEV2LS617128,26521.028333333335
1G1BE5SM3J7132856,16631.093999999997
2GNFLEEK1C6241691,9954.272023809524
KMHRC8A37LU045404,23313.807714285722
1C4RDJDG1LC412021,47898.44678571428
JTEEP21A160170005,3511.234523809524
5XXGU4L33JG216778,13867.97784126984
JM3KFBDM2L0851907,30808.614666666672
5FNYF4H52DB065173,17165.215507936504
1C4RJFAG7CC135966,15686.180714285716
5FNYF4H69EB034920,12337.737666666666
5N1DL0MM0HC519674,41804.50016666667
5XYPGDA35LG698386,28479.872309523813
KM8J2CA48LU120333,34533.67952380953
JN8AS5MV8AW141709,11135.950222222224
1C4RJFAG3HC682384,27849.42066666667
5FRYD4H51HB011096,26662.93676190477
WBA7F2C52JG423880,39849.03776190477
19UUA662X5A075818,6497.709666666665
1C4RJFCG5LC434613,40411.64585714285
5NPEF4JA4LH000819,26086.461166666668
1C4NJDBB2ED808701,10137.27842857143
1GNKVGKD1HJ252355,25756.80671428571
5LMCJ2DH0LUL23010,47889.96769841271
KNDP6CACXL7823635,27536.714166666665
5NPEF4JA4LH061653,27705.186619047614
3GNAXKEV2LS671139,27377.053333333333
1C4RJFBG9LC227126,44198.87990476191
JF2SJAGC0FH815208,20425.610142857142
WDDWF4KB7HR257135,19940.390333333333
5J6RE48369L065844,6903.668698412698
2C3CDZFJXLH184809,45407.40349999999
5LMCJ1D98LUL25817,40796.370238095245
KMHTG6AFXLU026578,21598.597952380947
5NMS2CAD9LH195560,30956.883333333335
WDDWJ6EB5HF438645,58086.66726190476
1C4RJFBG6LC396603,48904.05923809524
WDCGG8HB1AF376018,13936.128476190475
MAJ3S2KEXLC388939,26013.873714285717
KM8J3CAL9LU204858,34247.93119047619
5NPEH4J25LH020032,31652.490777777777
KMHGN4JB2JU218907,37728.62438095238
2G61U5S33G9142648,19190.60716666667
1GCVKREC3HZ322758,36179.28349999999
1C4RJFAG7HC624164,35585.89261904761
ZARBAAC41FM129303,25915.413000000004
5NPEF4JA1LH059388,27663.019952380957
4JGDA5HB0EA292182,23482.12147619048
3CZRU6H35GM723745,14915.96626190476
1G6DX5RK3L0126388,56638.288277777785
JM3KFBCM1L0841841,33391.90533333333
JM3KFBDL9H0211319,22687.956000000002
WAUBGAFC0CN006283,7782.32380952381
2GNAXHEV7L6265374,25393.033809523808
KM8J3CA42GU037841,18913.304
WDDZF4KB8HA033481,25910.269666666663
KNDCB3LC0L5375716,25477.69233333333
JM3KFBDY3K0627949,39380.290547619064
WDDZF4KB4HA047782,21310.452214285713
YV4A22PK6L1577970,50028.45292857143
JM1NDAM72L0415932,44912.40144444444
1FMHK8B86CGB00402,14467.765285714288
3GTU2NEC1GG218952,33499.437999999995
1FTEW1EF6HFA01928,35372.77933333334
3GCPKSE37BG209872,30460.02466666667
5NPD74LF1LH616642,27606.03261904761
1C4RJFBG1HC892691,39135.717666666664
1C6RR7UT0JS128648,47644.15478571429
1G6RR1E41EU600981,34599.566
1FMCU9GD9HUD08444,32334.443523809525
1C6RR7FG2JS184770,33466.007047619045
1FMCU9G91FUB54529,19123.902166666667
5GZEV23D59J171382,14750.01366666667
JM3KFBCM0L0838316,33391.90533333333
WDDZF4JB4HA094070,34973.33211904762
KM8J3CAL6LU258098,26472.38935425686
1GCHTCE31G1116813,18883.890285714286
3FA6P0G72HR267392,13267.07433333333
WBAJA7C36HWA70658,25855.808055555553
JN8AS58VX9W164446,9354.816976190476
WD4PG2EE4G3146457,23858.81771428571
3GNAXKEV3LS645441,27722.010333333335
2C4RC1BGXLR117660,29797.301142857144
1G1PH5SCXC7255576,6058.03007936508
5NPEF4JA7LH046208,29384.514142857148
JF1GPAL6XD2845440,10147.445499999998
1C4HJXFN5LW329404,44647.761333333336
3LN6L5B97LR605479,41328.45452380953
MAJ3S2GE7LC367183,25044.95533333333
1HGFA165X8L017741,4989.475
JTHCF1D21E5006203,12325.544333333333
1C4RJFDJ0LC173224,57182.442269841275
KMHC85LJ8LU061810,35365.05452380952
WBA8D9C34HA005576,23396.588000000003
5N1DR2MM2HC907029,41172.52
1G1PC5SB9E7320054,10380.656952380952
2FMDK4KC7DBC49552,14019.574666666666
JA4AR3AU2KU033097,19628.287000000004
5UXWX9C38H0W78411,26432.299571428568
5LMCJ2D99LUL15075,48621.49904761906
KM8J3CAL2LU226104,34520.387857142865
SALZP2FX7LH090328,55091.136888888876
JA4AR3AUXKU031596,19774.321619047623
1N4AA6AP9GC381054,24528.005285714284
1FTEW1EG7JFB32364,48405.30833333335
WDC0G4KB7HF255118,24904.92955555556
JM3KFABMXK1505299,32940.63933333333
JTEHF21A730143984,5215.086
1C4RJFBG5LC274525,44636.84509523811
4JGED6EB8KA141852,70950.59185714285
KNDJ63AU5M7126535,26783.0491904762
KNDJ23AU8M7739888,25553.234190476196
3KPF34AD7LE250762,22619.437238095234
KNDCC3LC1L5422779,25499.57783333333
KM8K5CA50MU603837,33972.62985714285
5N1AT2MV5HC799597,18552.240285714284
1C4RDJDG0HC741140,49468.38533333334
1C4NJDBB3CD570144,9706.984
YV4CZ982281477075,4908.575547619048
5J6RM4H76DL013242,19357.916619047624
KM8J33A42JU656060,14068.039571428573
KM8J2CA43LU087919,34663.87452380953
3C4NJDBB0MT503304,25778.530507936506
2LMPJ8KR3HBL14399,42163.80788095238
ZFBHRFAB1L6S10252,29159.24322222222
KM8J3CAL6LU102563,30099.706857142864
3KPF24ADXLE198336,21595.42171428571
3GNCA53V39S514713,6253.33738095238
5N1AT2MV9HC818684,27565.153380952383
4T1BF1FK7HU624108,16654.21052380953
5NPEF4JA0LH050701,29555.18495238096
1GCVKPEH9JZ205661,34561.73695238096
5XXGT4L33LG421670,21542.040904761903
1FMCU9HD7JUA63132,23947.176880952382
WDDZF4KB4HA030819,20691.099214285714
5NPD84LF3HH014751,13121.672619047624
4JGDF6EE1HA882482,40536.77216666666
1G4HP57268U199283,4798.490047619048
5UXWX9C56H0T00993,26862.81447619048
3FA6P0HDXHR218736,21961.899396825396
JF2SH646X9H767308,5707.029333333335
WAUBFAFL3AN070639,13078.089333333333
WDDKJ6HB8HF361943,40020.9975
KNDPNCAC4M7858403,29660.336142857144
1GYFZDR42LF114591,36518.10785714285
WDCGG8JB2FG418465,28556.919777777777
1VWBN7A36EC067619,15783.615095238092
1C4RDJAG4JC330883,35216.19640476191
3MEHM0CG1AR636135,7847.145214285717
1C6HJTAG2ML502629,49258.909261904766
WDDLJ7GB6HA197200,67051.816
1GNSKBKC6KR391912,38903.106025974026
JM1DKFC7XK0443931,28032.33914285715
3VV2B7AX7KM153189,31180.609087301586
3GNAXKEV9LS657299,27389.694666666666
1FMCU9G63LUB95309,33635.183333333334
5XYZT3LB4DG007563,9040.81646031746
3MZBPAEM5KM105281,27066.247926406926
KMHD84LF2LU106881,24925.576476190476
YV4A221K3M1672822,68641.61316666668
JTHBZ1BL5GA007105,21623.290666666664
1GCGTCEN5J1172161,31947.923785714283
1C4RJFCGXFC129709,18150.785444444442
3TMCZ5AN1LM359840,40316.163166666665
5XYZWDLA1JG506031,42273.829190476186
WBA4J3C58JBG90786,23433.01214285714
KM8J3CA42HU399704,17516.45385714286
3GNAXUEV7LL272796,28795.472714285715
2C4RC1AG9LR120065,25559.319
JM3KFBDM6L1823344,33439.83066666667
4T1B11HK3JU584255,21335.12512698413
5N1AA0NE4AN623191,12991.727000000003
JN1CV6AR6DM761356,13299.572857142857
1G1PK5SBXE7367631,8637.362309523809
2C3CDXJG3DH584793,17771.967714285714
1GCNKPEA4CZ264638,26298.02614285714
JM3KFBDM7L1845238,33088.76533333334
1LNHM94R39G628008,13035.215555555555
3GNAXLEX8LS523181,30449.333333333336
WBAKF9C53CE672450,13130.705
KL7CJLSB1LB063169,22853.773380952385
JTHBK1EG7C2488661,15419.218571428573
5NPEF4JA3LH058405,27160.27971428571
1GNKRFED6GJ185504,20961.019523809522
